@id,highway,lanes,maxspeed,name,@type,@lat,@lon,@version,@count:nodes,@count:ways
5993193,residential,2,,21st Street,way,,,12,,
593614558,residential,2,,20th Street,way,,,6,,
593615452,residential,2,,22nd Street,way,,,6,,
5976595,tertiary,2,,28th Street,way,,,20,,
5994630,primary,2,,West Market Street,way,,,25,,
6031674,residential,2,,Union Street,way,,,20,,
276918270,primary,2,,West Market Street,way,,,18,,
365034001,tertiary,,40 mph,Kettner Boulevard,way,,,8,,
365034002,tertiary,,40 mph,Kettner Boulevard,way,,,9,,
436285077,primary,3,45 mph,West Harbor Drive,way,,,15,,
436285078,primary,4,45 mph,West Harbor Drive,way,,,12,,
436285080,primary,5,45 mph,West Harbor Drive,way,,,13,,
436285081,primary,4,45 mph,West Harbor Drive,way,,,18,,
436285082,primary,5,45 mph,West Harbor Drive,way,,,15,,
436285083,primary,5,,West Harbor Drive,way,,,13,,
436285085,primary,4,,West Harbor Drive,way,,,14,,
436285086,primary,,45 mph,West Harbor Drive,way,,,12,,
436285088,primary,3,,West Harbor Drive,way,,,13,,
436285089,primary,3,45 mph,West Harbor Drive,way,,,15,,
436285090,primary,2,,West Harbor Drive,way,,,14,,
436285091,primary,3,,West Market Street,way,,,10,,
436285092,primary,3,,West Market Street,way,,,9,,
436285098,primary,4,,West Market Street,way,,,10,,
436598117,primary,3,,West Market Street,way,,,8,,
436598120,primary,3,,West Market Street,way,,,8,,
436598122,primary,2,,West Market Street,way,,,8,,
436598123,primary,2,,West Market Street,way,,,10,,
571855323,primary,3,45 mph,West Harbor Drive,way,,,13,,
593992489,residential,,,Union Street,way,,,3,,
593992705,primary,2,,West Market Street,way,,,10,,
593992706,primary,2,,West Market Street,way,,,9,,
617119340,primary,2,,West Market Street,way,,,8,,
617119344,primary,2,,West Market Street,way,,,7,,
699172156,primary,,,West Market Street,way,,,9,,
699172157,primary,3,45 mph,West Harbor Drive,way,,,11,,
699172159,primary,2,,West Harbor Drive,way,,,14,,
834044038,tertiary,,40 mph,Kettner Boulevard,way,,,6,,
1033805288,primary,4,,West Market Street,way,,,3,,
1049249600,primary,3,,West Harbor Drive,way,,,8,,
1051242772,primary,3,,West Harbor Drive,way,,,6,,
1098930355,primary,4,,West Harbor Drive,way,,,4,,
5960579,residential,,,India Street,way,,,8,,
5968933,residential,,,Columbia Street,way,,,12,,
5999031,residential,,,State Street,way,,,19,,
436285095,primary,2,,West Market Street,way,,,9,,
436285097,primary,2,,West Market Street,way,,,12,,
436291053,secondary,3,,State Street,way,,,6,,
436291086,primary,2,,West Broadway,way,,,10,,
438183306,residential,,,F Street,way,,,12,,
465993859,tertiary,,40 mph,Kettner Boulevard,way,,,6,,
573865697,tertiary,,,West C Street,way,,,6,,
593992490,residential,,,Union Street,way,,,8,,
594011056,tertiary,2,,West G Street,way,,,6,,
642337374,secondary,3,,West A Street,way,,,4,,
642751806,tertiary,2,,Union Street,way,,,4,,
699985692,primary,3,45 mph,West Harbor Drive,way,,,15,,
834044039,tertiary,,,Kettner Boulevard,way,,,3,,
1009219929,primary,2,,West Broadway,way,,,4,,
1031109435,secondary,3,,India Street,way,,,4,,
1110082754,tertiary,,,West B Street,way,,,2,,
1220518531,secondary,1,40 mph,Kettner Boulevard,way,,,2,,
1346803896,secondary,3,,Columbia Street,way,,,2,,
5938747,residential,,,West F Street,way,,,6,,
5959097,tertiary,,,West B Street,way,,,17,,
6002989,residential,2,,West F Street,way,,,15,,
28840731,secondary,3,,India Street,way,,,18,,
31530291,tertiary,2,40 mph,Kettner Boulevard,way,,,25,,
89903502,tertiary,2,,West G Street,way,,,11,,
89903503,tertiary,2,,West G Street,way,,,9,,
89925112,secondary,3,,West A Street,way,,,12,,
151281039,secondary,3,,Columbia Street,way,,,9,,
151281048,secondary,3,,India Street,way,,,9,,
151281103,primary,3,,West Broadway,way,,,14,,
151281112,primary,2,,West Broadway,way,,,9,,
153343721,primary,3,,West Broadway,way,,,7,,
275446278,primary,2,,West Broadway,way,,,13,,
275613862,secondary,3,40 mph,Kettner Boulevard,way,,,12,,
277182485,tertiary,,,West B Street,way,,,5,,
277182488,tertiary,1,,West B Street,way,,,5,,
277182490,tertiary,2,,West B Street,way,,,8,,
277182491,secondary,1,,Kettner Boulevard,way,,,17,,
277182499,tertiary,,,Kettner Boulevard,way,,,12,,
436287682,secondary,2,40 mph,Kettner Boulevard,way,,,7,,
436287684,secondary,,40 mph,Kettner Boulevard,way,,,9,,
436287718,primary,3,,West Broadway,way,,,7,,
436287723,secondary,2,,Kettner Boulevard,way,,,7,,
436291039,secondary,,,Columbia Street,way,,,5,,
436291042,secondary,3,,Columbia Street,way,,,8,,
436291045,secondary,3,,Columbia Street,way,,,4,,
436291056,secondary,3,,State Street,way,,,5,,
436291058,secondary,3,,State Street,way,,,4,,
436291060,secondary,3,,State Street,way,,,7,,
436291061,secondary,3,,State Street,way,,,5,,
436291065,primary,2,,West Broadway,way,,,7,,
436291068,primary,2,,West Broadway,way,,,13,,
436291071,primary,3,,West Broadway,way,,,6,,
436291073,primary,3,,West Broadway,way,,,7,,
436291075,primary,3,,West Broadway,way,,,6,,
436291076,primary,2,,West Broadway,way,,,7,,
436291078,primary,2,,West Broadway,way,,,8,,
436291080,primary,3,,West Broadway,way,,,7,,
436291081,primary,3,,West Broadway,way,,,7,,
436291083,primary,2,,West Broadway,way,,,9,,
436291088,primary,3,,West Broadway,way,,,7,,
436291091,primary,2,,West Broadway,way,,,9,,
436291092,secondary,,,Columbia Street,way,,,6,,
465993607,tertiary,2,40 mph,Kettner Boulevard,way,,,8,,
465993609,secondary,3,40 mph,Kettner Boulevard,way,,,8,,
465993610,secondary,2,40 mph,Kettner Boulevard,way,,,5,,
465993776,primary,2,,West Broadway,way,,,4,,
465993777,primary,2,,West Broadway,way,,,9,,
465993778,primary,2,,West Broadway,way,,,7,,
465993779,primary,3,,West Broadway,way,,,7,,
465993860,tertiary,2,40 mph,Kettner Boulevard,way,,,8,,
491460599,tertiary,,,West B Street,way,,,3,,
573865694,tertiary,,,West C Street,way,,,6,,
573865699,secondary,3,,Columbia Street,way,,,4,,
573865701,secondary,3,,Columbia Street,way,,,3,,
573865705,secondary,3,,State Street,way,,,6,,
573865707,secondary,3,,State Street,way,,,5,,
573865708,tertiary,1,,West C Street,way,,,6,,
573865714,tertiary,,,West C Street,way,,,2,,
573865720,tertiary,,,Union Street,way,,,8,,
593751803,tertiary,3,,West B Street,way,,,3,,
593754400,secondary,3,,West A Street,way,,,10,,
593754411,tertiary,2,,Union Street,way,,,7,,
594011052,residential,2,,State Street,way,,,9,,
632410683,primary,2,,West Broadway,way,,,4,,
632410685,secondary,1,,Kettner Boulevard,way,,,7,,
632410686,secondary,2,40 mph,Kettner Boulevard,way,,,5,,
641037730,secondary,,,India Street,way,,,3,,
641037731,tertiary,2,,West B Street,way,,,5,,
642285124,residential,,,Union Street,way,,,3,,
642285125,residential,,,F Street,way,,,8,,
642285126,residential,,,State Street,way,,,4,,
642285127,secondary,,,State Street,way,,,3,,
642285131,secondary,,,West A Street,way,,,2,,
642285132,secondary,3,,India Street,way,,,5,,
642337375,tertiary,,,Union Street,way,,,2,,
642361033,secondary,3,,West A Street,way,,,6,,
642751808,secondary,3,,West A Street,way,,,7,,
642751809,secondary,3,,Columbia Street,way,,,6,,
642751810,secondary,2,40 mph,Kettner Boulevard,way,,,2,,
784641500,tertiary,2,,West G Street,way,,,5,,
788189558,secondary,1,,Kettner Boulevard,way,,,4,,
834044040,tertiary,,40 mph,Kettner Boulevard,way,,,4,,
834044041,secondary,2,40 mph,Kettner Boulevard,way,,,3,,
1016481313,tertiary,,,West B Street,way,,,5,,
1016481314,secondary,2,,Kettner Boulevard,way,,,2,,
1031090919,primary,2,,West Broadway,way,,,5,,
1034077631,tertiary,2,,West G Street,way,,,3,,
1034143414,tertiary,,,West B Street,way,,,4,,
1034143415,secondary,3,,State Street,way,,,4,,
1038739173,secondary,2,,Kettner Boulevard,way,,,5,,
1040769090,tertiary,2,,West G Street,way,,,3,,
1040769091,tertiary,,,West G Street,way,,,2,,
1040769092,tertiary,,,Kettner Boulevard,way,,,3,,
1055299799,secondary,3,40 mph,Kettner Boulevard,way,,,3,,
1055299800,secondary,2,40 mph,Kettner Boulevard,way,,,2,,
1055299801,secondary,3,40 mph,Kettner Boulevard,way,,,3,,
1088165297,tertiary,,,West B Street,way,,,2,,
1096445221,tertiary,2,,West G Street,way,,,1,,
1164155198,tertiary,,40 mph,Kettner Boulevard,way,,,2,,
1164159316,tertiary,2,,Union Street,way,,,5,,
1234480201,tertiary,2,,West B Street,way,,,1,,
1328200732,tertiary,,,West B Street,way,,,1,,
6050184,primary,2,,Market Street,way,,,31,,
89878434,primary,2,,Market Street,way,,,17,,
119397891,residential,2,,2nd Avenue,way,,,11,,
276186659,secondary,2,,5th Avenue,way,,,19,,
436285024,secondary,4,,4th Avenue,way,,,5,,
436285028,secondary,2,,4th Avenue,way,,,7,,
436285046,primary,5,,Market Street,way,,,9,,
436285047,primary,5,,Market Street,way,,,9,,
436285049,primary,5,,Market Street,way,,,12,,
436285050,primary,3,,Market Street,way,,,14,,
436285051,primary,5,,Market Street,way,,,10,,
436285052,primary,3,,Market Street,way,,,13,,
436285053,primary,2,,Market Street,way,,,14,,
436285054,primary,,,Market Street,way,,,9,,
436285055,primary,,,Market Street,way,,,10,,
436285057,primary,2,,Market Street,way,,,14,,
436285058,primary,4,,Market Street,way,,,11,,
436285059,primary,3,,Market Street,way,,,11,,
436285060,primary,2,,Market Street,way,,,15,,
436285093,primary,2,,West Market Street,way,,,11,,
436285094,primary,3,,West Market Street,way,,,10,,
436285096,primary,3,,West Market Street,way,,,11,,
593977472,residential,,,2nd Avenue,way,,,4,,
593977473,primary,2,,Market Street,way,,,11,,
617498487,primary,3,,Market Street,way,,,10,,
617498492,primary,2,,Market Street,way,,,10,,
641705059,secondary,3,,1st Avenue,way,,,6,,
641705061,primary,2,,West Market Street,way,,,11,,
641705062,secondary,3,25 mph,Front Street,way,,,5,,
642285123,residential,2,,3rd Avenue,way,,,7,,
1008633634,secondary,,25 mph,Front Street,way,,,1,,
6004082,primary,3,,11th Avenue,way,,,24,,
24616873,primary,3,,North 10th Avenue,way,,,17,,
24616877,primary,3,,North 11th Avenue,way,,,25,,
119417417,residential,2,,9th Avenue,way,,,11,,
259854788,residential,3,,7th Avenue,way,,,14,,
436285048,primary,5,,Market Street,way,,,14,,
436305510,primary,5,,Market Street,way,,,13,,
436305520,primary,5,,Market Street,way,,,14,,
436305522,primary,4,,Market Street,way,,,9,,
436305524,primary,4,,Market Street,way,,,11,,
436305525,primary,4,,Market Street,way,,,11,,
436305526,primary,5,,Market Street,way,,,9,,
436305527,primary,5,,Market Street,way,,,11,,
436305528,primary,5,,Market Street,way,,,11,,
436305530,primary,5,,Market Street,way,,,11,,
436305531,primary,5,,Market Street,way,,,11,,
436305532,primary,5,,Market Street,way,,,11,,
436305534,primary,4,,Market Street,way,,,13,,
436305538,primary,5,,Market Street,way,,,10,,
436305547,primary,4,,Market Street,way,,,14,,
436305551,primary,5,,Market Street,way,,,12,,
436305556,primary,4,,Market Street,way,,,13,,
592672370,primary,5,,Market Street,way,,,10,,
593602039,primary,4,,Market Street,way,,,11,,
593624847,residential,3,,8th Avenue,way,,,9,,
593633193,residential,3,,7th Avenue,way,,,5,,
593633195,residential,3,,7th Avenue,way,,,3,,
617498989,secondary,3,,North 11th Avenue,way,,,5,,
617498990,secondary,3,,10th Avenue,way,,,4,,
699172155,residential,2,,13th Street,way,,,13,,
1339252446,residential,2,,13th Street,way,,,1,,
1430780694,residential,2,,Island Avenue,way,,,1,,
25964981,residential,2,,2nd Avenue,way,,,10,,
25965003,tertiary,1,,C Street,way,,,12,,
26145049,residential,3,,8th Avenue,way,,,15,,
36054466,tertiary,2,,3rd Avenue,way,,,12,,
89922423,tertiary,2,,9th Avenue,way,,,20,,
89922556,tertiary,2,,E Street,way,,,12,,
153311827,primary,3,,10th Avenue,way,,,19,,
234953559,primary,2,,Park Boulevard,way,,,15,,
234954105,secondary,3,,B Street,way,,,15,,
278328402,secondary,3,,A Street,way,,,8,,
278328403,secondary,3,,A Street,way,,,9,,
278328404,secondary,4,,A Street,way,,,6,,
436285027,secondary,3,,4th Avenue,way,,,6,,
436285045,secondary,3,25 mph,Front Street,way,,,11,,
436285056,primary,5,,Market Street,way,,,10,,
436291011,secondary,3,,1st Avenue,way,,,6,,
436291019,secondary,3,,4th Avenue,way,,,6,,
436305554,primary,5,,Market Street,way,,,7,,
436403221,primary,3,25 mph,10th Avenue,way,,,11,,
436458657,primary,3,,Park Boulevard,way,,,15,,
593602042,primary,3,,11th Avenue,way,,,11,,
593986491,secondary,,,5th Avenue,way,,,16,,
593990006,residential,,,3rd Avenue,way,,,5,,
593996059,secondary,3,,1st Avenue,way,,,8,,
594025573,primary,4,,Broadway,way,,,11,,
594025576,tertiary,3,,6th Avenue,way,,,17,,
621450948,secondary,3,,B Street,way,,,7,,
641705065,tertiary,,,2nd Avenue,way,,,6,,
641851374,tertiary,3,,9th Avenue,way,,,4,,
642285118,primary,3,,Broadway,way,,,5,,
642337372,secondary,3,25 mph,Front Street,way,,,5,,
779724380,secondary,3,,6th Avenue,way,,,16,,
1026612443,tertiary,2,,C Street,way,,,4,,
1026703728,secondary,2,,5th Avenue,way,,,6,,
1028902009,secondary,3,25 mph,F Street,way,,,6,,
1055725840,secondary,3,25 mph,F Street,way,,,4,,
1060422116,primary,4,,11th Avenue,way,,,4,,
1119986034,residential,2,,Island Avenue,way,,,3,,
1164071279,tertiary,2,,7th Avenue,way,,,3,,
1164071391,secondary,3,,A Street,way,,,3,,
1164071515,residential,,,13th Street,way,,,4,,
1327598577,residential,3,,7th Avenue,way,,,2,,
1327598578,tertiary,3,,E Street,way,,,2,,
1339251839,secondary,3,,G Street,way,,,2,,
1346630865,tertiary,2,,8th Avenue,way,,,2,,
1452670143,secondary,3,,G Street,way,,,1,,
5959075,residential,,,3rd Avenue,way,,,25,,
5960813,primary,4,,Broadway,way,,,27,,
5962369,residential,,,2nd Avenue,way,,,14,,
5962750,residential,1,,West E Street,way,,,11,,
5987900,secondary,3,,4th Avenue,way,,,30,,
5989392,primary,2,,West Broadway,way,,,21,,
5992484,tertiary,,,West C Street,way,,,11,,
6002993,residential,,,F Street,way,,,17,,
6032371,residential,,,Broadway Circle,way,,,18,,
6047305,tertiary,1,,C Street,way,,,22,,
89903504,tertiary,3,,West G Street,way,,,8,,
89927838,tertiary,,,3rd Avenue,way,,,8,,
234953562,secondary,,,A Street,way,,,11,,
278328405,secondary,3,,A Street,way,,,10,,
377300617,secondary,3,25 mph,F Street,way,,,10,,
377300629,secondary,3,25 mph,F Street,way,,,10,,
377302726,secondary,3,25 mph,F Street,way,,,11,,
377302727,secondary,4,25 mph,F Street,way,,,12,,
436285026,secondary,4,,4th Avenue,way,,,4,,
436285040,secondary,3,25 mph,Front Street,way,,,9,,
436285041,secondary,4,25 mph,Front Street,way,,,9,,
436291013,secondary,2,,1st Avenue,way,,,8,,
436291017,secondary,3,,4th Avenue,way,,,5,,
436291024,secondary,3,,5th Avenue,way,,,10,,
436291025,secondary,3,,5th Avenue,way,,,7,,
436291026,secondary,2,,5th Avenue,way,,,15,,
436291027,secondary,3,,5th Avenue,way,,,15,,
436291028,secondary,3,,A Street,way,,,7,,
436291029,secondary,4,,A Street,way,,,6,,
436291030,secondary,4,,A Street,way,,,5,,
436291032,primary,3,,Broadway,way,,,7,,
436291033,primary,5,,Broadway,way,,,9,,
436291034,primary,5,,Broadway,way,,,10,,
436291035,primary,3,,Broadway,way,,,8,,
436291036,primary,2,,Broadway,way,,,8,,
436291038,primary,2,,Broadway,way,,,10,,
436291047,secondary,3,25 mph,F Street,way,,,7,,
436291085,primary,3,,West Broadway,way,,,8,,
436592703,secondary,4,,4th Avenue,way,,,4,,
438183305,secondary,3,,1st Avenue,way,,,15,,
461202335,secondary,3,25 mph,Front Street,way,,,10,,
461202336,secondary,3,25 mph,Front Street,way,,,9,,
491460600,tertiary,,,West B Street,way,,,5,,
573865727,tertiary,,,West C Street,way,,,5,,
573865728,secondary,,25 mph,Front Street,way,,,1,,
573865729,tertiary,,,West C Street,way,,,3,,
573865730,secondary,3,25 mph,Front Street,way,,,8,,
573865731,tertiary,,,West C Street,way,,,6,,
573865733,secondary,3,,1st Avenue,way,,,9,,
573865734,tertiary,,,C Street,way,,,7,,
573865735,residential,,,2nd Avenue,way,,,6,,
573865737,residential,,,2nd Avenue,way,,,8,,
593769147,secondary,3,,4th Avenue,way,,,7,,
594012151,residential,,,2nd Avenue,way,,,10,,
594012152,primary,2,,Broadway,way,,,10,,
634217523,secondary,3,,5th Avenue,way,,,9,,
634217524,primary,4,,Broadway,way,,,8,,
634644489,secondary,3,,A Street,way,,,7,,
641705143,secondary,3,,1st Avenue,way,,,6,,
641705144,secondary,3,25 mph,Front Street,way,,,8,,
641705145,primary,2,,West Broadway,way,,,6,,
641705146,secondary,3,25 mph,Front Street,way,,,6,,
642337324,secondary,3,,4th Avenue,way,,,5,,
642337325,secondary,2,,5th Avenue,way,,,13,,
642337326,tertiary,3,,E Street,way,,,8,,
642337373,secondary,3,,West A Street,way,,,6,,
642751754,secondary,2,,4th Avenue,way,,,6,,
642751755,tertiary,3,,B Street,way,,,8,,
1007206352,secondary,2,,1st Avenue,way,,,3,,
1009219926,secondary,3,,1st Avenue,way,,,9,,
1009219927,secondary,3,,1st Avenue,way,,,3,,
1009219928,secondary,3,25 mph,Front Street,way,,,4,,
1028903462,tertiary,4,,West G Street,way,,,5,,
1028906214,primary,3,,West Broadway,way,,,3,,
1028986403,tertiary,3,,West G Street,way,,,3,,
1031087348,residential,2,,West E Street,way,,,6,,
1031149484,primary,3,,Broadway,way,,,5,,
1050992935,secondary,2,,1st Avenue,way,,,4,,
1053101220,secondary,2,,5th Avenue,way,,,6,,
1053938804,secondary,3,,5th Avenue,way,,,5,,
1058862729,secondary,3,25 mph,Front Street,way,,,6,,
1058862730,tertiary,,,West B Street,way,,,3,,
1121918623,secondary,3,,G Street,way,,,5,,
1121918624,secondary,3,,G Street,way,,,3,,
1121918625,secondary,3,,G Street,way,,,4,,
1121918626,secondary,3,,G Street,way,,,4,,
1121918627,secondary,2,,5th Avenue,way,,,13,,
1121975996,secondary,3,,1st Avenue,way,,,5,,
1164153601,residential,3,,Broadway Circle,way,,,5,,
1164154804,secondary,3,,1st Avenue,way,,,2,,
1164163044,secondary,3,,G Street,way,,,2,,
1327256814,secondary,2,,5th Avenue,way,,,1,,
1327277182,secondary,3,,6th Avenue,way,,,3,,
1327618070,secondary,3,,A Street,way,,,1,,
1327928125,tertiary,,,3rd Avenue,way,,,2,,
1327928126,secondary,2,,4th Avenue,way,,,2,,
1327953093,residential,,,Broadway Circle,way,,,3,,
1327953098,secondary,3,,4th Avenue,way,,,1,,
1328200734,tertiary,,,West B Street,way,,,1,,
1328200736,tertiary,,,West B Street,way,,,1,,
1358628610,secondary,3,,1st Avenue,way,,,1,,
1378312028,residential,3,,3rd Avenue,way,,,1,,
1456812899,residential,,,2nd Avenue,way,,,1,,
5963153,primary,3,,10th Avenue,way,,,19,,
5980488,secondary,3,,G Street,way,,,33,,
5987132,residential,,,13th Street,way,,,22,,
5996100,tertiary,3,,E Street,way,,,28,,
25965008,tertiary,1,,C Street,way,,,23,,
121194921,primary,,,Park Boulevard,way,,,15,,
123180546,tertiary,2,,C Street,way,,,11,,
123180548,primary,3,,11th Avenue,way,,,14,,
123561754,secondary,3,25 mph,F Street,way,,,23,,
151281028,primary,,,Broadway,way,,,9,,
153311790,primary,,,Broadway,way,,,11,,
153311829,primary,4,,11th Avenue,way,,,9,,
153343695,primary,4,,Broadway,way,,,9,,
153343723,primary,4,,11th Avenue,way,,,8,,
234953560,primary,2,,Park Boulevard,way,,,10,,
278328400,secondary,4,,A Street,way,,,6,,
436402116,tertiary,4,,E Street,way,,,8,,
436403222,primary,4,,11th Avenue,way,,,9,,
436403223,primary,4,,11th Avenue,way,,,10,,
436403862,secondary,4,,A Street,way,,,6,,
436403863,secondary,4,,A Street,way,,,7,,
436458649,primary,2,,Park Boulevard,way,,,7,,
436458651,primary,2,,Park Boulevard,way,,,10,,
526007714,primary,3,,10th Avenue,way,,,7,,
526007715,secondary,4,,B Street,way,,,7,,
526007716,primary,3,,11th Avenue,way,,,9,,
593633194,tertiary,2,,7th Avenue,way,,,16,,
594042002,primary,4,,11th Avenue,way,,,6,,
594042006,primary,4,,Broadway,way,,,8,,
594042008,primary,4,,Broadway,way,,,8,,
594048378,tertiary,3,,8th Avenue,way,,,6,,
594048379,primary,,,Broadway,way,,,5,,
594048910,tertiary,3,,9th Avenue,way,,,10,,
594048914,primary,,,Broadway,way,,,5,,
617488188,primary,,,Park Boulevard,way,,,7,,
617488191,primary,,,Park Boulevard,way,,,5,,
621450945,primary,,,Park Boulevard,way,,,5,,
621450946,primary,,,Park Boulevard,way,,,5,,
621450947,secondary,,,B Street,way,,,2,,
621450949,primary,2,,Park Boulevard,way,,,6,,
634201145,residential,2,,7th Avenue,way,,,4,,
634201146,residential,3,,7th Avenue,way,,,8,,
634201147,primary,4,,Broadway,way,,,6,,
641037700,secondary,3,,B Street,way,,,5,,
641705044,primary,3,,Broadway,way,,,7,,
641705045,residential,2,,13th Street,way,,,6,,
641705046,tertiary,2,,C Street,way,,,5,,
641733723,primary,3,,11th Avenue,way,,,6,,
641733724,primary,3,,10th Avenue,way,,,3,,
641733725,tertiary,3,,E Street,way,,,10,,
641733726,tertiary,3,,E Street,way,,,7,,
882151896,tertiary,2,,E Street,way,,,5,,
1000760893,primary,3,,10th Avenue,way,,,4,,
1000760894,tertiary,2,,C Street,way,,,5,,
1008817186,tertiary,2,,8th Avenue,way,,,2,,
1008817187,tertiary,1,,C Street,way,,,5,,
1028901987,secondary,3,,B Street,way,,,4,,
1028901988,tertiary,3,,9th Avenue,way,,,3,,
1028902008,tertiary,3,,8th Avenue,way,,,3,,
1031655739,primary,3,,Park Boulevard,way,,,6,,
1032521013,primary,2,,Park Boulevard,way,,,4,,
1033813918,tertiary,3,,9th Avenue,way,,,5,,
1033813919,tertiary,1,,C Street,way,,,3,,
1042578780,secondary,4,,B Street,way,,,4,,
1044713926,secondary,3,,G Street,way,,,6,,
1047838855,tertiary,4,,9th Avenue,way,,,2,,
1050984785,primary,4,,10th Avenue,way,,,6,,
1055725838,tertiary,3,,E Street,way,,,3,,
1164071282,tertiary,2,,7th Avenue,way,,,4,,
1164071318,secondary,3,,B Street,way,,,5,,
1164071366,secondary,3,,B Street,way,,,4,,
1164071370,tertiary,3,,B Street,way,,,1,,
1164071456,primary,4,,Broadway,way,,,3,,
1164071487,residential,2,,13th Street,way,,,5,,
1164071503,residential,,,13th Street,way,,,2,,
1220518541,primary,2,,Broadway,way,,,4,,
1220518542,primary,3,,Broadway,way,,,6,,
1220518543,primary,2,,Broadway,way,,,2,,
1220518544,primary,3,,Broadway,way,,,3,,
1327256809,secondary,3,,B Street,way,,,2,,
1327277180,tertiary,1,,C Street,way,,,1,,
1327277183,tertiary,2,,7th Avenue,way,,,1,,
1327598581,secondary,3,25 mph,F Street,way,,,4,,
1327618071,secondary,3,,A Street,way,,,1,,
1346630866,tertiary,2,,8th Avenue,way,,,1,,
1346631146,primary,3,,11th Avenue,way,,,3,,
1346640558,secondary,3,25 mph,F Street,way,,,1,,
1346803384,primary,3,,Broadway,way,,,3,,
1346803387,residential,2,,13th Street,way,,,1,,
1346803464,primary,4,,10th Avenue,way,,,3,,
1420313792,tertiary,2,,C Street,way,,,1,,
1452670142,secondary,3,,G Street,way,,,1,,
5955850,tertiary,1,,West Beech Street,way,,,25,,
5960634,residential,,,West Fir Street,way,,,12,,
5961021,residential,,,West Elm Street,way,,,7,,
36049845,tertiary,,,West Cedar Street,way,,,24,,
151281043,secondary,2,25 mph,India Street,way,,,17,,
159215087,secondary,3,40 mph,Kettner Boulevard,way,,,12,,
159215094,secondary,2,,West Ash Street,way,,,19,,
273292450,residential,,,West Date Street,way,,,8,,
275446292,secondary,2,,West Ash Street,way,,,12,,
365034579,secondary,3,,West Grape Street,way,,,14,,
436287683,secondary,2,40 mph,Kettner Boulevard,way,,,9,,
436287714,secondary,2,,West Ash Street,way,,,6,,
436287715,secondary,3,,West Ash Street,way,,,12,,
436291049,secondary,3,,India Street,way,,,8,,
436291051,secondary,2,,India Street,way,,,11,,
436291055,secondary,3,,State Street,way,,,5,,
436296434,secondary,2,40 mph,Kettner Boulevard,way,,,13,,
436296436,secondary,3,40 mph,Kettner Boulevard,way,,,7,,
436296448,secondary,3,,West Grape Street,way,,,6,,
436431458,secondary,3,,State Street,way,,,6,,
436431459,secondary,3,,State Street,way,,,9,,
436431460,secondary,3,,State Street,way,,,5,,
436431461,secondary,3,,State Street,way,,,11,,
436592704,secondary,3,,West Ash Street,way,,,7,,
436592705,secondary,3,,West Ash Street,way,,,13,,
465830099,secondary,3,40 mph,Kettner Boulevard,way,,,6,,
465831357,secondary,2,40 mph,Kettner Boulevard,way,,,7,,
593751972,tertiary,3,,West Cedar Street,way,,,5,,
593754409,tertiary,2,,Union Street,way,,,11,,
614074274,residential,,,West Date Street,way,,,8,,
614074275,secondary,2,,Columbia Street,way,,,8,,
642285135,secondary,2,25 mph,India Street,way,,,9,,
642285136,secondary,3,,West Grape Street,way,,,5,,
642751805,secondary,3,25 mph,West Ash Street,way,,,6,,
693498200,residential,2,,West Fir Street,way,,,6,,
693498201,secondary,2,25 mph,India Street,way,,,9,,
693498202,residential,1,,West Fir Street,way,,,6,,
693498203,secondary,3,,Columbia Street,way,,,10,,
1036284313,secondary,3,,Columbia Street,way,,,4,,
1036284314,tertiary,2,,West Beech Street,way,,,8,,
1036284315,secondary,3,,Columbia Street,way,,,4,,
1036284316,secondary,3,,West Ash Street,way,,,2,,
1036284317,secondary,3,,Columbia Street,way,,,6,,
1040752354,secondary,3,,State Street,way,,,6,,
1040752355,secondary,2,,State Street,way,,,3,,
1051263212,secondary,2,40 mph,Kettner Boulevard,way,,,4,,
1071878341,tertiary,1,,West Cedar Street,way,,,4,,
1071881870,secondary,2,40 mph,Kettner Boulevard,way,,,4,,
1080075917,tertiary,1,,West Cedar Street,way,,,6,,
1091329284,tertiary,2,,West Beech Street,way,,,6,,
1164159228,secondary,2,,India Street,way,,,2,,
1164159265,secondary,3,,West Ash Street,way,,,3,,
1164163798,tertiary,2,,West Beech Street,way,,,5,,
1164163901,tertiary,,,West Cedar Street,way,,,4,,
1164163912,secondary,2,40 mph,Kettner Boulevard,way,,,5,,
1164164012,residential,,,West Date Street,way,,,2,,
1164164140,secondary,2,40 mph,Kettner Boulevard,way,,,1,,
1164164204,residential,,,West Fir Street,way,,,1,,
1303039289,tertiary,1,,West Beech Street,way,,,5,,
1328168180,tertiary,2,,Union Street,way,,,2,,
1328168181,tertiary,2,,Union Street,way,,,3,,
1328168185,tertiary,,,West Beech Street,way,,,1,,
1339237536,secondary,3,,Columbia Street,way,,,3,,
1339237706,secondary,3,,State Street,way,,,2,,
1346627818,secondary,2,,West Ash Street,way,,,3,,
1346627988,secondary,3,,West Ash Street,way,,,2,,
1346628038,secondary,3,,West Ash Street,way,,,2,,
1346628418,tertiary,1,,West Beech Street,way,,,2,,
1346628668,tertiary,1,,West Cedar Street,way,,,2,,
1346628797,secondary,3,40 mph,Kettner Boulevard,way,,,1,,
1346632705,residential,2,,West Fir Street,way,,,3,,
1346633015,secondary,2,25 mph,India Street,way,,,3,,
1346634423,secondary,2,,India Street,way,,,2,,
1346634841,secondary,3,,State Street,way,,,2,,
1346635128,secondary,3,,State Street,way,,,2,,
1346640559,secondary,2,,India Street,way,,,1,,
1346803815,secondary,3,,Columbia Street,way,,,2,,
1346803816,residential,,,West Elm Street,way,,,2,,
1346803854,secondary,3,,Columbia Street,way,,,2,,
1378394442,tertiary,3,,West Cedar Street,way,,,1,,
1427095174,tertiary,2,,West Cedar Street,way,,,1,,
5961921,residential,,,West Ivy Street,way,,,11,,
5963209,residential,2,,West Kalmia Street,way,,,16,,
5976033,residential,2,,West Juniper Street,way,,,14,,
5997147,residential,,,West Date Street,way,,,14,,
6021984,secondary,3,,West Grape Street,way,,,16,,
6049492,residential,2,,Albatross Street,way,,,17,,
28840603,secondary,3,,Columbia Street,way,,,20,,
160125266,residential,,,West Maple Street,way,,,5,,
259971865,residential,,,Columbia Street,way,,,4,,
259971867,residential,,,Columbia Street,way,,,4,,
436431465,secondary,3,,West Hawthorn Street,way,,,8,,
436431475,secondary,,30 mph,West Laurel Street,way,,,7,,
455881617,residential,2,,Brant Street,way,,,8,,
465829360,secondary,3,40 mph,Kettner Boulevard,way,,,7,,
593761515,secondary,2,,State Street,way,,,7,,
642285133,secondary,2,,State Street,way,,,6,,
642285134,secondary,3,,West Grape Street,way,,,5,,
642361032,secondary,3,25 mph,West Ash Street,way,,,6,,
1110082723,tertiary,2,,West Beech Street,way,,,4,,
1328168184,tertiary,,,West Cedar Street,way,,,1,,
1346635177,secondary,2,,India Street,way,,,2,,
5960085,residential,,,Horton Avenue,way,,,11,,
5961919,residential,,,West Ivy Street,way,,,12,,
5963211,residential,2,,West Kalmia Street,way,,,12,,
5968932,residential,2,,Columbia Street,way,,,6,,
5968936,residential,1,,Columbia Street,way,,,8,,
5968937,secondary,,,Columbia Street,way,,,10,,
5976032,residential,2,,West Juniper Street,way,,,14,,
5990430,secondary,3,,West Hawthorn Street,way,,,26,,
6008569,residential,,,Curlew Street,way,,,10,,
6021989,secondary,3,,West Grape Street,way,,,16,,
6031682,residential,2,,Union Street,way,,,12,,
6056780,residential,1,,Brant Street,way,,,14,,
25964961,secondary,1,,State Street,way,,,18,,
27898063,residential,1,,West Juniper Street,way,,,9,,
27898070,secondary,,30 mph,West Laurel Street,way,,,20,,
34989505,secondary,2,,State Street,way,,,12,,
35154135,residential,,,West Maple Street,way,,,4,,
259971868,residential,2,,Curlew Street,way,,,7,,
259971869,residential,,,Horton Avenue,way,,,5,,
436296438,secondary,2,40 mph,Kettner Boulevard,way,,,9,,
436296451,secondary,3,,West Grape Street,way,,,8,,
436431441,secondary,3,,Columbia Street,way,,,7,,
436431442,secondary,3,,Columbia Street,way,,,7,,
436431466,secondary,2,,West Hawthorn Street,way,,,9,,
436431467,secondary,3,30 mph,West Laurel Street,way,,,6,,
436431468,secondary,3,30 mph,West Laurel Street,way,,,8,,
436431469,secondary,,30 mph,West Laurel Street,way,,,6,,
436431472,secondary,3,30 mph,West Laurel Street,way,,,8,,
455881616,residential,1,,Brant Street,way,,,8,,
593757063,secondary,,30 mph,West Laurel Street,way,,,7,,
593757064,secondary,,30 mph,West Laurel Street,way,,,5,,
593761182,residential,,,Union Street,way,,,3,,
593761183,secondary,2,,West Laurel Street,way,,,8,,
593761516,secondary,,,West Laurel Street,way,,,6,,
614074273,secondary,2,,India Street,way,,,11,,
642285113,secondary,3,40 mph,Kettner Boulevard,way,,,5,,
642285114,secondary,3,,West Hawthorn Street,way,,,4,,
642285115,secondary,3,,West Hawthorn Street,way,,,6,,
642285128,secondary,2,,India Street,way,,,4,,
963615451,secondary,1,,West Hawthorn Street,way,,,6,,
963615452,secondary,,,West Hawthorn Street,way,,,4,,
1021032475,secondary,3,,Columbia Street,way,,,3,,
1021032476,secondary,3,,West Grape Street,way,,,4,,
1031069857,secondary,3,,Columbia Street,way,,,3,,
1035904890,secondary,2,,State Street,way,,,3,,
1035904891,secondary,3,,West Hawthorn Street,way,,,4,,
1035904892,secondary,2,,State Street,way,,,7,,
1040116563,secondary,2,,West Grape Street,way,,,3,,
1091329291,secondary,2,,State Street,way,,,5,,
1091329292,secondary,,,State Street,way,,,7,,
1105840865,secondary,3,,West Hawthorn Street,way,,,1,,
1164164205,secondary,2,,India Street,way,,,5,,
1242708265,residential,3,,Albatross Street,way,,,3,,
1242708266,residential,2,,Albatross Street,way,,,2,,
1242708271,residential,2,,Brant Street,way,,,2,,
1242708274,residential,1,,Union Street,way,,,2,,
1242708275,residential,2,,Union Street,way,,,3,,
1242708276,residential,3,,Union Street,way,,,3,,
1293351951,secondary,1,,West Hawthorn Street,way,,,2,,
1339242101,secondary,2,,State Street,way,,,5,,
1346629395,secondary,3,40 mph,Kettner Boulevard,way,,,2,,
1346629482,secondary,3,,Columbia Street,way,,,2,,
1346629705,secondary,2,,State Street,way,,,4,,
1346629768,secondary,,,West Laurel Street,way,,,2,,
1346635230,secondary,2,,India Street,way,,,2,,
1346635234,secondary,2,,India Street,way,,,2,,
1346803545,secondary,2,,State Street,way,,,4,,
1346803759,secondary,3,,Columbia Street,way,,,2,,
1346803774,secondary,3,,West Grape Street,way,,,2,,
1379277049,secondary,4,,West Laurel Street,way,,,1,,
1381870071,secondary,3,30 mph,West Laurel Street,way,,,1,,
1436461347,secondary,2,,State Street,way,,,2,,
1436461348,secondary,1,,State Street,way,,,1,,
5960635,residential,2,,West Fir Street,way,,,9,,
5962373,tertiary,2,,2nd Avenue,way,,,17,,
5996009,tertiary,2,,Cedar Street,way,,,15,,
6021729,residential,2,,Fir Street,way,,,14,,
6023755,secondary,2,,Elm Street,way,,,12,,
6055391,secondary,3,,6th Avenue,way,,,26,,
25330628,tertiary,2,,2nd Avenue,way,,,7,,
25330637,secondary,4,,1st Avenue,way,,,10,,
25518647,tertiary,3,,3rd Avenue,way,,,13,,
25518649,tertiary,3,,3rd Avenue,way,,,9,,
25518658,secondary,3,,6th Avenue,way,,,12,,
25518659,secondary,2,,6th Avenue,way,,,23,,
25518662,secondary,2,,5th Avenue,way,,,15,,
25518674,secondary,3,,4th Avenue,way,,,14,,
36049847,secondary,2,25 mph,Cedar Street,way,,,13,,
36049848,tertiary,3,25 mph,Cedar Street,way,,,13,,
89923375,tertiary,1,,Date Street,way,,,10,,
89927202,secondary,3,,Elm Street,way,,,13,,
89928380,residential,2,,3rd Avenue,way,,,11,,
259966840,tertiary,1,,Cedar Street,way,,,10,,
259971882,secondary,4,,1st Avenue,way,,,6,,
377300623,secondary,2,,5th Avenue,way,,,14,,
419814432,tertiary,,,2nd Avenue,way,,,5,,
419814433,tertiary,,,2nd Avenue,way,,,10,,
436291010,secondary,5,,1st Avenue,way,,,5,,
436291012,secondary,5,,1st Avenue,way,,,7,,
436291014,secondary,4,,1st Avenue,way,,,7,,
436291016,secondary,3,,1st Avenue,way,,,7,,
436291018,secondary,2,,4th Avenue,way,,,6,,
436291020,secondary,2,,4th Avenue,way,,,7,,
436291021,secondary,2,,4th Avenue,way,,,8,,
436291022,secondary,4,,5th Avenue,way,,,6,,
436291023,secondary,2,,5th Avenue,way,,,8,,
436291031,secondary,4,25 mph,Ash Street,way,,,6,,
436291062,secondary,3,25 mph,West Ash Street,way,,,7,,
436291064,secondary,4,25 mph,West Ash Street,way,,,9,,
436431439,secondary,2,,5th Avenue,way,,,7,,
436431440,secondary,3,,5th Avenue,way,,,5,,
436558347,secondary,4,,1st Avenue,way,,,6,,
593766960,tertiary,,,Beech Street,way,,,8,,
593766961,secondary,2,,4th Avenue,way,,,7,,
593766962,tertiary,2,,Beech Street,way,,,12,,
593766963,tertiary,,,Beech Street,way,,,9,,
593766965,tertiary,,,Beech Street,way,,,7,,
594028070,secondary,3,,6th Avenue,way,,,12,,
594028072,tertiary,2,,Beech Street,way,,,11,,
641705063,secondary,3,25 mph,Ash Street,way,,,5,,
641705064,secondary,3,25 mph,Ash Street,way,,,5,,
641705066,tertiary,2,,2nd Avenue,way,,,6,,
851575873,secondary,3,25 mph,Front Street,way,,,6,,
1021035846,secondary,2,,4th Avenue,way,,,5,,
1021040350,secondary,3,25 mph,Cedar Street,way,,,6,,
1023323444,secondary,3,,4th Avenue,way,,,3,,
1026703729,secondary,3,,5th Avenue,way,,,7,,
1026703730,secondary,2,,5th Avenue,way,,,7,,
1026703731,secondary,3,,5th Avenue,way,,,7,,
1026703732,secondary,3,,5th Avenue,way,,,6,,
1028869955,tertiary,3,25 mph,1st Avenue,way,,,6,,
1031071183,secondary,2,,Elm Street,way,,,6,,
1033718054,secondary,2,25 mph,Cedar Street,way,,,5,,
1033718055,secondary,3,,4th Avenue,way,,,5,,
1033718056,secondary,3,,4th Avenue,way,,,4,,
1040495277,tertiary,3,,3rd Avenue,way,,,5,,
1040495278,tertiary,3,,3rd Avenue,way,,,4,,
1051252990,primary,2,30 mph,6th Avenue,way,,,9,,
1071843943,secondary,3,25 mph,Front Street,way,,,5,,
1071843944,tertiary,2,,Cedar Street,way,,,3,,
1091334343,secondary,2,,4th Avenue,way,,,3,,
1091334346,primary,1,30 mph,6th Avenue,way,,,6,,
1110082727,tertiary,,,Beech Street,way,,,3,,
1110082735,tertiary,,,West Beech Street,way,,,3,,
1164070254,secondary,3,,Elm Street,way,,,3,,
1164071004,secondary,3,,6th Avenue,way,,,5,,
1164071110,tertiary,2,,Beech Street,way,,,6,,
1327618066,secondary,2,,5th Avenue,way,,,3,,
1327618067,secondary,3,,6th Avenue,way,,,4,,
1327905933,tertiary,2,,2nd Avenue,way,,,1,,
1327905934,tertiary,,,2nd Avenue,way,,,2,,
1327905935,tertiary,,,2nd Avenue,way,,,1,,
1327905936,tertiary,2,,3rd Avenue,way,,,1,,
1327905937,secondary,2,,4th Avenue,way,,,2,,
1327928127,secondary,4,25 mph,Ash Street,way,,,3,,
1328168182,secondary,3,25 mph,Front Street,way,,,1,,
1328168183,secondary,3,25 mph,Front Street,way,,,3,,
1377424681,secondary,4,,1st Avenue,way,,,1,,
5963152,residential,,,10th Avenue,way,,,15,,
6016195,residential,,,Date Street,way,,,17,,
6047540,residential,,,Russ Boulevard,way,,,12,,
24616841,tertiary,,,8th Avenue,way,,,23,,
35914299,residential,2,,9th Avenue,way,,,9,,
35914300,residential,,,9th Avenue,way,,,10,,
89922480,tertiary,2,,8th Avenue,way,,,16,,
89922500,residential,,,7th Avenue,way,,,10,,
234953499,primary,2,25 mph,Park Boulevard,way,,,15,,
234953561,residential,,,Russ Boulevard,way,,,3,,
278328399,secondary,2,,A Street,way,,,7,,
278328401,secondary,,,A Street,way,,,5,,
436402125,primary,3,25 mph,Park Boulevard,way,,,13,,
436403220,primary,3,25 mph,10th Avenue,way,,,10,,
436403225,secondary,3,,A Street,way,,,7,,
436403226,secondary,3,,A Street,way,,,5,,
436403227,secondary,2,,Ash Street,way,,,5,,
557961501,residential,,,Date Street,way,,,8,,
557961502,residential,,,Date Street,way,,,8,,
594028071,tertiary,2,,Beech Street,way,,,10,,
600531531,secondary,3,,A Street,way,,,3,,
617497018,primary,2,25 mph,Park Boulevard,way,,,10,,
617497021,primary,2,25 mph,Park Boulevard,way,,,11,,
617497023,primary,3,25 mph,Park Boulevard,way,,,10,,
617497024,primary,2,25 mph,Park Boulevard,way,,,11,,
621451641,primary,2,,Park Boulevard,way,,,10,,
621451643,primary,2,,Park Boulevard,way,,,11,,
621451644,primary,2,,Park Boulevard,way,,,9,,
779724379,residential,2,25 mph,Cedar Street,way,,,11,,
1009086363,primary,2,25 mph,Park Boulevard,way,,,9,,
1024225828,secondary,2,,A Street,way,,,3,,
1036515653,primary,2,25 mph,Park Boulevard,way,,,7,,
1040126485,tertiary,2,,9th Avenue,way,,,3,,
1052665824,residential,1,,7th Avenue,way,,,7,,
1091058341,tertiary,,,Ash Street,way,,,3,,
1164071050,tertiary,,,8th Avenue,way,,,7,,
1164071096,tertiary,2,,Beech Street,way,,,6,,
1164071099,tertiary,2,,7th Avenue,way,,,4,,
1164071105,secondary,3,25 mph,Ash Street,way,,,3,,
1164071106,secondary,3,25 mph,Ash Street,way,,,5,,
1327618068,tertiary,2,,7th Avenue,way,,,3,,
1327618069,secondary,3,25 mph,Ash Street,way,,,2,,
1346630261,residential,2,25 mph,Cedar Street,way,,,1,,
1346630486,residential,,,Date Street,way,,,1,,
1346630487,residential,,,Date Street,way,,,1,,
1346630569,residential,,,Date Street,way,,,2,,
1346630570,residential,2,,9th Avenue,way,,,3,,
1346630620,residential,2,,9th Avenue,way,,,2,,
1346631064,residential,,,Russ Boulevard,way,,,1,,
1346631065,residential,,,Russ Boulevard,way,,,1,,
1346631094,residential,,,Russ Boulevard,way,,,1,,
1346631489,residential,,,10th Avenue,way,,,2,,
1346631495,residential,,,10th Avenue,way,,,3,,
1346631576,residential,,,10th Avenue,way,,,1,,
1346803444,secondary,3,25 mph,Ash Street,way,,,2,,
1346803445,tertiary,2,,8th Avenue,way,,,1,,
1346803446,secondary,3,25 mph,Ash Street,way,,,2,,
5984207,residential,,,Pan American Road West,way,,,11,,
5987896,secondary,2,,4th Avenue,way,,,31,,
6024097,residential,2,,Front Street,way,,,23,,
6034866,tertiary,,,Westpark Drive,way,,,20,,
6047724,residential,,,Pan American Place,way,,,11,,
32836088,primary,2,30 mph,6th Avenue,way,,,34,,
89922370,secondary,3,25 mph,Ash Street,way,,,23,,
143013290,tertiary,2,,Presidents Way,way,,,13,,
234953500,primary,2,35 mph,Park Boulevard,way,,,17,,
259971883,tertiary,2,25 mph,1st Avenue,way,,,10,,
272520973,tertiary,2,,El Prado,way,,,9,,
436402130,primary,2,35 mph,Park Boulevard,way,,,11,,
436407048,primary,1,30 mph,6th Avenue,way,,,17,,
436407051,primary,,,6th Avenue,way,,,16,,
436573729,secondary,2,,5th Avenue,way,,,18,,
436573730,secondary,2,,5th Avenue,way,,,9,,
557994768,residential,,,Russ Boulevard,way,,,5,,
583733839,tertiary,2,,Westpark Drive,way,,,16,,
594030521,secondary,2,,4th Avenue,way,,,12,,
641705067,residential,2,,2nd Avenue,way,,,8,,
701236895,tertiary,,,Pan American Road East,way,,,7,,
936855328,tertiary,,,El Prado,way,,,2,,
1164071005,tertiary,2,,Beech Street,way,,,7,,
1220518550,tertiary,1,,Juniper Road,way,,,5,,
1311410722,tertiary,2,25 mph,1st Avenue,way,,,4,,
1314067417,residential,2,,Third Avenue,way,,,6,,
1314184152,residential,2,,2nd Avenue,way,,,4,,
1314185119,residential,2,,Third Avenue,way,,,10,,
1327628247,residential,2,25 mph,Cedar Street,way,,,1,,
1380218223,primary,2,30 mph,6th Avenue,way,,,2,,
5957295,tertiary,1,,Juniper Road,way,,,13,,
5959823,secondary,,,Hawthorn Street,way,,,16,,
5968117,residential,2,,Kalmia Street,way,,,20,,
5970616,residential,2,,Juniper Street,way,,,18,,
5981086,secondary,2,,Grape Street,way,,,15,,
6027625,residential,,,Ivy Street,way,,,18,,
6042218,secondary,3,30 mph,Laurel Street,way,,,15,,
25330627,residential,2,,2nd Avenue,way,,,26,,
36054467,residential,2,,Third Avenue,way,,,25,,
89927427,tertiary,2,25 mph,1st Avenue,way,,,16,,
436407062,primary,3,,6th Avenue,way,,,9,,
436407064,primary,3,30 mph,6th Avenue,way,,,9,,
436431443,secondary,3,30 mph,Laurel Street,way,,,10,,
436431446,secondary,4,,Laurel Street,way,,,6,,
436431449,secondary,3,30 mph,Laurel Street,way,,,8,,
436431450,secondary,,30 mph,Laurel Street,way,,,7,,
436431451,secondary,3,30 mph,Laurel Street,way,,,8,,
436431453,secondary,3,30 mph,Laurel Street,way,,,8,,
436431454,secondary,3,30 mph,Laurel Street,way,,,8,,
436431462,secondary,2,,West Grape Street,way,,,4,,
436431463,secondary,2,,West Grape Street,way,,,5,,
436431464,secondary,3,,West Grape Street,way,,,4,,
436431470,secondary,3,30 mph,West Laurel Street,way,,,8,,
436431476,secondary,3,30 mph,West Laurel Street,way,,,8,,
594030520,secondary,2,,Grape Street,way,,,6,,
594030522,secondary,3,,4th Avenue,way,,,9,,
594030523,secondary,2,,4th Avenue,way,,,7,,
641705068,secondary,,,Hawthorn Street,way,,,6,,
641705071,tertiary,,25 mph,1st Avenue,way,,,6,,
700934626,secondary,2,,4th Avenue,way,,,12,,
1076525019,secondary,3,,4th Avenue,way,,,4,,
1091334344,primary,1,30 mph,6th Avenue,way,,,6,,
1091334345,primary,2,,6th Avenue,way,,,6,,
1164070425,primary,1,,6th Avenue,way,,,8,,
1164070457,primary,1,,6th Avenue,way,,,7,,
1185928002,secondary,2,,5th Avenue,way,,,4,,
1185928003,secondary,3,,5th Avenue,way,,,4,,
1185952738,tertiary,4,,El Prado,way,,,2,,
1230949648,tertiary,3,25 mph,1st Avenue,way,,,3,,
1230949651,tertiary,3,25 mph,1st Avenue,way,,,4,,
1311367042,secondary,2,,4th Avenue,way,,,7,,
1311367135,secondary,2,,4th Avenue,way,,,6,,
1311367177,residential,,,Ivy Street,way,,,7,,
1311367407,residential,,,Ivy Street,way,,,7,,
1311367525,residential,2,,Juniper Street,way,,,6,,
1311367526,residential,2,,Juniper Street,way,,,27,,
1311408873,residential,2,,Kalmia Street,way,,,2,,
1311409807,residential,,,Ivy Street,way,,,4,,
1311623584,secondary,,,Hawthorn Street,way,,,6,,
1312938832,residential,2,,Juniper Street,way,,,5,,
1314182290,secondary,3,30 mph,Laurel Street,way,,,4,,
1314183464,residential,2,,Third Avenue,way,,,5,,
1314184719,residential,2,,Third Avenue,way,,,4,,
25758574,tertiary,,,El Prado,way,,,23,,
25758576,tertiary,2,,El Prado,way,,,18,,
260214419,tertiary,2,,El Prado,way,,,9,,
936855325,tertiary,2,,El Prado,way,,,5,,
936855326,tertiary,,,El Prado,way,,,2,,
1164070501,tertiary,,,El Prado,way,,,2,,
5957082,residential,3,,19th Street,way,,,13,,
5957211,residential,2,,15th Street,way,,,21,,
25518430,primary,,,Market Street,way,,,14,,
89878429,primary,5,,Market Street,way,,,16,,
113096485,residential,3,,17th Street,way,,,10,,
153311833,tertiary,2,,14th Street,way,,,14,,
178116821,tertiary,,,19th Street,way,,,10,,
436305512,primary,5,,Market Street,way,,,8,,
436305513,primary,5,,Market Street,way,,,8,,
436305517,primary,,,Market Street,way,,,8,,
436305518,primary,5,,Market Street,way,,,8,,
436305519,primary,4,,Market Street,way,,,11,,
436305523,primary,5,,Market Street,way,,,9,,
436305533,primary,4,,Market Street,way,,,9,,
436305537,primary,5,,Market Street,way,,,8,,
436305539,primary,5,,Market Street,way,,,8,,
436305540,primary,4,,Market Street,way,,,10,,
436305542,primary,4,,Market Street,way,,,9,,
436305543,primary,4,,Market Street,way,,,10,,
436305549,primary,5,,Market Street,way,,,9,,
436305553,primary,5,,Market Street,way,,,7,,
886052408,secondary,2,,19th Street,way,,,9,,
1018479966,primary,5,,Market Street,way,,,3,,
1024226763,primary,,,Market Street,way,,,3,,
1217444502,tertiary,3,,16th Street,way,,,2,,
1217444506,tertiary,3,,16th Street,way,,,2,,
1217444507,tertiary,3,,16th Street,way,,,2,,
1217444527,tertiary,2,,16th Street,way,,,2,,
1430780695,residential,2,,Island Avenue,way,,,1,,
105471728,residential,2,,24th Street,way,,,11,,
436305511,primary,5,,Market Street,way,,,6,,
436305515,primary,,,Market Street,way,,,5,,
436305516,primary,4,,Market Street,way,,,9,,
436305521,primary,5,,Market Street,way,,,6,,
436305529,primary,,,Market Street,way,,,6,,
436305535,primary,4,,Market Street,way,,,7,,
436305541,primary,4,,Market Street,way,,,9,,
436305548,primary,5,,Market Street,way,,,6,,
436305550,primary,5,,Market Street,way,,,7,,
436305555,primary,5,,Market Street,way,,,5,,
593735565,secondary,4,,25th Street,way,,,8,,
621447727,residential,,,24th Street,way,,,1,,
1091336332,residential,,,Island Avenue,way,,,2,,
1096437759,secondary,5,,25th Street,way,,,2,,
1096437763,secondary,5,,25th Street,way,,,2,,
1096442857,residential,2,,Island Avenue,way,,,2,,
5972642,secondary,1,,Pershing Drive,way,,,26,,
5996125,residential,2,,E Street,way,,,14,,
6006791,residential,2,,17th Street,way,,,19,,
25518427,residential,,,Island Avenue,way,,,19,,
25518498,residential,2,,22nd Street,way,,,7,,
32836039,residential,2,,24th Street,way,,,8,,
33413216,residential,,,F Street,way,,,6,,
34968178,tertiary,2,,C Street,way,,,6,,
35946840,secondary,2,,Pershing Drive,way,,,10,,
151281026,primary,2,,Broadway,way,,,8,,
184985864,residential,,,G Street,way,,,4,,
184985940,tertiary,,,25th Street,way,,,6,,
436305514,primary,5,,Market Street,way,,,8,,
436305552,primary,,,Market Street,way,,,5,,
436403759,primary,,,Broadway,way,,,4,,
602687955,tertiary,,30 mph,B Street,way,,,3,,
621447726,residential,2,,24th Street,way,,,2,,
623098533,residential,,,23rd Street,way,,,1,,
641037723,secondary,,,25th Street,way,,,4,,
641705047,tertiary,2,,16th Street,way,,,6,,
845496815,residential,,,E Street,way,,,5,,
1019973075,residential,2,,15th Street,way,,,7,,
1091336333,residential,2,,Island Avenue,way,,,4,,
1242731117,tertiary,2,,C Street,way,,,2,,
1274653889,tertiary,,30 mph,B Street,way,,,5,,
1339290752,tertiary,,,19th Street,way,,,3,,
1339291549,tertiary,1,,G Street,way,,,4,,
1430780696,tertiary,2,,14th Street,way,,,1,,
1436720417,tertiary,2,,16th Street,way,,,1,,
5957086,residential,2,,19th Street,way,,,10,,
5987086,tertiary,,30 mph,B Street,way,,,20,,
6006788,residential,,,17th Street,way,,,9,,
6011324,residential,2,,20th Street,way,,,7,,
25329739,primary,,,Broadway,way,,,12,,
27770317,tertiary,2,,C Street,way,,,16,,
32608850,secondary,,,B Street,way,,,12,,
119396239,residential,,,17th Street,way,,,4,,
119396241,secondary,2,,17th Street,way,,,11,,
234954104,secondary,3,,B Street,way,,,7,,
278421882,tertiary,2,,19th Street,way,,,7,,
278421883,residential,2,,19th Street,way,,,4,,
432311917,residential,2,,17th Street,way,,,6,,
432311918,tertiary,1,,17th Street,way,,,6,,
436402117,secondary,3,25 mph,F Street,way,,,10,,
436402118,secondary,4,25 mph,F Street,way,,,12,,
436403754,primary,3,,Broadway,way,,,5,,
436403761,primary,3,,Broadway,way,,,5,,
436403772,primary,3,,Broadway,way,,,7,,
541642855,secondary,1,,Pershing Drive,way,,,13,,
594036331,primary,,,Broadway,way,,,10,,
642285119,residential,2,,14th Street,way,,,4,,
642361015,secondary,3,25 mph,F Street,way,,,9,,
642361016,secondary,3,25 mph,G Street,way,,,13,,
642361018,tertiary,2,,14th Street,way,,,7,,
827301358,secondary,3,,B Street,way,,,11,,
1009636556,tertiary,3,,16th Street,way,,,7,,
1009636557,primary,3,,Broadway,way,,,6,,
1020214052,tertiary,3,,19th Street,way,,,5,,
1026612444,tertiary,2,,C Street,way,,,3,,
1026612445,tertiary,3,,16th Street,way,,,3,,
1026612446,tertiary,2,,C Street,way,,,4,,
1026612447,tertiary,2,,17th Street,way,,,5,,
1026612448,tertiary,1,,C Street,way,,,2,,
1026612449,tertiary,2,,C Street,way,,,3,,
1031546131,tertiary,3,,14th Street,way,,,4,,
1036492910,secondary,2,,B Street,way,,,4,,
1036492911,secondary,3,,B Street,way,,,6,,
1036492912,secondary,2,,B Street,way,,,5,,
1044689276,tertiary,1,,G Street,way,,,6,,
1217444526,tertiary,2,,16th Street,way,,,5,,
1220518533,tertiary,2,,16th Street,way,,,2,,
1220518534,tertiary,3,,16th Street,way,,,3,,
1220518536,primary,2,,Broadway,way,,,3,,
1220518537,primary,2,,Broadway,way,,,3,,
1220518538,primary,3,,Broadway,way,,,3,,
1220518539,primary,3,,Broadway,way,,,3,,
1220518540,primary,3,,Broadway,way,,,3,,
1242731091,tertiary,2,,16th Street,way,,,2,,
1242731123,primary,3,,Broadway,way,,,4,,
1242731129,tertiary,3,,16th Street,way,,,3,,
1339251224,secondary,3,,B Street,way,,,3,,
1339288608,primary,,,Broadway,way,,,3,,
1339288732,primary,,,Broadway,way,,,3,,
1339291548,tertiary,1,,G Street,way,,,4,,
1346631241,tertiary,3,,16th Street,way,,,2,,
1346631247,tertiary,2,,16th Street,way,,,3,,
1346631454,secondary,3,,B Street,way,,,3,,
1346803272,primary,3,,Broadway,way,,,3,,
1346803273,primary,,,Broadway,way,,,3,,
1346803275,tertiary,3,,16th Street,way,,,2,,
1346803355,tertiary,3,,16th Street,way,,,1,,
1346803356,tertiary,2,,C Street,way,,,2,,
1390692926,primary,,,Broadway,way,,,2,,
1392323076,primary,3,,Broadway,way,,,3,,
1436720418,secondary,3,25 mph,G Street,way,,,1,,
1436720419,tertiary,3,,16th Street,way,,,1,,
1441784972,tertiary,2,,16th Street,way,,,1,,
1441784973,tertiary,3,,16th Street,way,,,1,,
5959897,residential,2,,23rd Street,way,,,8,,
5980595,tertiary,2,,G Street,way,,,10,,
5988614,residential,,,Glendale Avenue,way,,,6,,
5993195,residential,1,,21st Street,way,,,7,,
25329742,primary,,,Broadway,way,,,13,,
25518497,residential,,,22nd Street,way,,,8,,
27770221,secondary,3,,25th Street,way,,,8,,
27770222,secondary,4,,25th Street,way,,,16,,
32836040,tertiary,2,,F Street,way,,,8,,
32836043,residential,2,,21st Street,way,,,9,,
151281116,tertiary,,,25th Street,way,,,9,,
151281120,tertiary,,,25th Street,way,,,7,,
436403746,primary,3,,Broadway,way,,,4,,
436403747,primary,,,Broadway,way,,,4,,
436403748,primary,3,25 mph,Broadway,way,,,6,,
436403749,primary,3,,Broadway,way,,,4,,
436403755,primary,3,,Broadway,way,,,3,,
436403765,primary,,,Broadway,way,,,5,,
436403768,primary,3,,Broadway,way,,,4,,
436403771,primary,3,,Broadway,way,,,3,,
594039014,tertiary,3,,25th Street,way,,,6,,
602687959,tertiary,,30 mph,B Street,way,,,4,,
602687963,tertiary,,30 mph,B Street,way,,,3,,
602687968,tertiary,,30 mph,B Street,way,,,3,,
602687972,tertiary,,30 mph,B Street,way,,,5,,
845496816,secondary,4,,25th Street,way,,,5,,
1020212686,tertiary,3,,F Street,way,,,2,,
1020212687,residential,,,22nd Street,way,,,1,,
1091336329,tertiary,,,25th Street,way,,,2,,
1091336330,secondary,,,25th Street,way,,,3,,
1091336331,secondary,,,25th Street,way,,,3,,
1157660046,tertiary,3,,25th Street,way,,,2,,
1157660047,tertiary,3,,25th Street,way,,,2,,
1242731119,tertiary,3,,C Street,way,,,2,,
1242731120,tertiary,3,,C Street,way,,,2,,
1242731124,primary,3,,Broadway,way,,,2,,
1339291687,tertiary,1,,G Street,way,,,4,,
1339294524,secondary,3,,25th Street,way,,,3,,
5962586,residential,,,Hoitt Street,way,,,7,,
5979699,residential,,,Langley Street,way,,,7,,
25518431,primary,4,35 mph,Market Street,way,,,17,,
184985886,primary,4,,Market Street,way,,,6,,
436305536,primary,5,,Market Street,way,,,6,,
436305544,primary,5,,Market Street,way,,,6,,
1018229188,tertiary,2,,28th Street,way,,,3,,
1242731112,tertiary,3,,28th Street,way,,,2,,
5979149,residential,,,Dodson Street,way,,,10,,
5980463,residential,,,29th Street,way,,,9,,
236356824,residential,2,,31st Street,way,,,16,,
436307985,primary,,,Market Street,way,,,5,,
436307989,primary,5,35 mph,Market Street,way,,,5,,
436307991,primary,,35 mph,Market Street,way,,,8,,
436307992,primary,5,35 mph,Market Street,way,,,7,,
436307993,primary,5,35 mph,Market Street,way,,,5,,
436307994,primary,,,Market Street,way,,,7,,
436307995,primary,5,,Market Street,way,,,6,,
436307997,primary,5,35 mph,Market Street,way,,,8,,
663622685,residential,,,Dodson Street,way,,,5,,
1339221120,tertiary,2,,30th Street,way,,,2,,
1339221121,tertiary,2,,30th Street,way,,,3,,
1392044591,residential,2,,31st Street,way,,,1,,
5957560,residential,2,,27th Street,way,,,7,,
5957562,residential,,,27th Street,way,,,13,,
5959343,tertiary,2,,30th Street,way,,,16,,
5976592,tertiary,2,,28th Street,way,,,10,,
5981861,residential,2,,30th Place,way,,,8,,
5984893,residential,,,Edgemont Street,way,,,8,,
5996111,residential,2,,E Street,way,,,10,,
6026152,residential,2,,26th Street,way,,,13,,
6053971,residential,,,F Street,way,,,10,,
6053990,residential,,,F Street,way,,,8,,
32578168,residential,,,29th Street,way,,,8,,
33010967,residential,2,,31st Street,way,,,6,,
118419878,residential,2,,G Street,way,,,3,,
151281033,tertiary,2,30 mph,C Street,way,,,10,,
151281035,tertiary,2,,C Street,way,,,9,,
151281132,secondary,,25 mph,30th Street,way,,,9,,
184985883,primary,4,,Market Street,way,,,10,,
280533949,primary,,,Broadway,way,,,5,,
280533951,primary,,,Broadway,way,,,5,,
594046187,tertiary,,30 mph,B Street,way,,,6,,
737711120,residential,2,30 mph,B Street,way,,,3,,
1018229189,residential,2,,Island Avenue,way,,,3,,
1242731113,tertiary,3,,28th Street,way,,,3,,
1339221871,residential,2,,31st Street,way,,,2,,
1392044592,primary,,,Market Street,way,,,2,,
1451284501,tertiary,2,35 mph,26th Street,way,,,1,,
5979759,residential,2,,Treat Street,way,,,5,,
5996115,residential,2,,E Street,way,,,9,,
6026147,residential,2,35 mph,26th Street,way,,,16,,
6033826,residential,,,San Luis Street,way,,,4,,
6050131,residential,,,Cerro Gordo Avenue,way,,,4,,
33413220,residential,,,G Street,way,,,7,,
260211404,tertiary,2,,28th Street,way,,,9,,
280533944,primary,3,25 mph,Broadway,way,,,6,,
280533950,primary,2,,Broadway,way,,,5,,
436403750,primary,3,,Broadway,way,,,3,,
436403752,primary,3,,Broadway,way,,,3,,
436403757,primary,3,,Broadway,way,,,3,,
436433993,primary,2,,Broadway,way,,,4,,
436433995,primary,3,,Broadway,way,,,3,,
436433997,primary,3,,Broadway,way,,,4,,
602687946,tertiary,,30 mph,B Street,way,,,4,,
602687950,tertiary,,30 mph,B Street,way,,,3,,
1242731114,tertiary,2,,28th Street,way,,,2,,
1242731115,tertiary,3,,C Street,way,,,2,,
1242731116,tertiary,3,,C Street,way,,,2,,
1265016354,tertiary,3,,28th Street,way,,,2,,
1265016356,tertiary,2,,28th Street,way,,,2,,
1265278246,tertiary,2,,28th Street,way,,,2,,
5987805,residential,,,29th Street,way,,,10,,
6053986,residential,,,F Street,way,,,6,,
27770111,tertiary,2,25 mph,30th Street,way,,,11,,
35968581,residential,2,,E Street,way,,,17,,
280533945,primary,,,Broadway,way,,,5,,
280533946,primary,3,,Broadway,way,,,5,,
280533947,primary,,,Broadway,way,,,3,,
280533948,primary,,25 mph,Broadway,way,,,6,,
280533952,primary,,25 mph,Broadway,way,,,7,,
436433991,residential,,,29th Street,way,,,2,,
436433992,primary,3,,Broadway,way,,,4,,
436433994,primary,2,25 mph,Broadway,way,,,9,,
436433996,primary,3,25 mph,Broadway,way,,,6,,
601823653,residential,2,,E Street,way,,,11,,
602687942,tertiary,2,30 mph,B Street,way,,,6,,
602687976,residential,2,30 mph,B Street,way,,,6,,
621446212,primary,4,25 mph,Broadway,way,,,3,,
621446214,secondary,3,25 mph,30th Street,way,,,5,,
621446216,tertiary,2,25 mph,30th Street,way,,,8,,
1242731106,tertiary,3,,C Street,way,,,2,,
1242731107,secondary,2,25 mph,30th Street,way,,,2,,
1242731108,primary,2,25 mph,Broadway,way,,,2,,
1242731109,tertiary,3,25 mph,30th Street,way,,,1,,
1242731110,residential,2,,30th Place,way,,,1,,
1242731111,residential,2,,G Street,way,,,1,,
1339223978,tertiary,2,25 mph,30th Street,way,,,1,,
1339223979,tertiary,2,25 mph,30th Street,way,,,1,,
1339224020,residential,2,,E Street,way,,,1,,
5990917,residential,,,Spear Drive,way,,,4,,
6009322,residential,,,Farenholt Avenue,way,,,6,,
6019678,residential,,,Braisted Road,way,,,4,,
6021651,residential,,,Webb Road,way,,,4,,
119969873,residential,,,,way,,,2,,
119969877,residential,,,Wieber Avenue,way,,,2,,
119969890,residential,,,Welch Road,way,,,3,,
234952703,residential,,,Inspiration Point Way,way,,,3,,
234952708,residential,,,Presidents Way,way,,,7,,
234953497,primary,2,35 mph,Park Boulevard,way,,,9,,
234953498,primary,2,35 mph,Park Boulevard,way,,,8,,
436402120,primary,3,,Park Boulevard,way,,,9,,
436402121,primary,3,35 mph,Park Boulevard,way,,,8,,
436402127,primary,2,35 mph,Park Boulevard,way,,,12,,
541642851,secondary,2,,Pershing Drive,way,,,7,,
541642852,secondary,2,,Pershing Drive,way,,,4,,
557994767,residential,,,Russ Boulevard,way,,,5,,
701236891,residential,2,,Presidents Way,way,,,3,,
709022193,primary,2,35 mph,Park Boulevard,way,,,9,,
1220700933,primary,2,35 mph,Park Boulevard,way,,,5,,
1346631468,residential,,,Russ Boulevard,way,,,2,,
1377395734,primary,3,40 mph,Park Boulevard,way,,,2,,
1381050385,primary,2,35 mph,Park Boulevard,way,,,2,,
5994078,secondary,2,,Pershing Drive,way,,,23,,
6045727,tertiary,,,Bob Wilson Drive,way,,,11,,
32836037,residential,,,A Street,way,,,6,,
159216097,secondary,4,,Pershing Drive,way,,,17,,
159216484,tertiary,,15 mph,Golden Hill Drive,way,,,8,,
727367311,secondary,2,,Pershing Drive,way,,,9,,
845496818,tertiary,,,25th Street,way,,,2,,
1024782156,secondary,2,,Pershing Drive,way,,,7,,
1040766963,secondary,2,35 mph,Florida Drive,way,,,5,,
1378244517,secondary,5,,Pershing Drive,way,,,1,,
1378244518,secondary,4,,Pershing Drive,way,,,1,,
1451284502,tertiary,,15 mph,Golden Hill Drive,way,,,1,,
1451284503,tertiary,,15 mph,Golden Hill Drive,way,,,1,,
5964429,residential,,,Village Place,way,,,18,,
6039007,secondary,2,50 mph,Florida Drive,way,,,18,,
6053487,tertiary,,15 mph,Golden Hill Drive,way,,,9,,
32608851,residential,2,25 mph,A Street,way,,,9,,
119969879,residential,,,S. Vista Circle,way,,,5,,
119969888,residential,,,,way,,,2,,
234952702,residential,,,Wieber Avenue,way,,,6,,
436402123,primary,3,35 mph,Park Boulevard,way,,,12,,
436402131,primary,2,40 mph,Park Boulevard,way,,,13,,
436402132,primary,2,40 mph,Park Boulevard,way,,,15,,
436402133,primary,2,40 mph,Park Boulevard,way,,,10,,
594022917,residential,2,25 mph,Zoo Place,way,,,5,,
594051729,tertiary,,35 mph,26th Street,way,,,7,,
601689382,secondary,2,35 mph,Florida Drive,way,,,12,,
601689388,secondary,2,50 mph,Florida Drive,way,,,8,,
701236898,residential,3,,Presidents Way,way,,,7,,
727367312,secondary,2,,Pershing Drive,way,,,6,,
756145567,residential,,,Inspiration Point Way,way,,,7,,
1300558666,tertiary,4,,Bob Wilson Drive,way,,,4,,
1334252232,tertiary,,,Bob Wilson Drive,way,,,3,,
1366382262,secondary,2,,Pershing Drive,way,,,4,,
5957149,residential,,,Chapel Road,way,,,12,,
5983951,tertiary,,,Pan American Road East,way,,,19,,
121197128,tertiary,,,Plaza de Panama,way,,,10,,
121748659,tertiary,,,Plaza de Panama,way,,,14,,
211472677,residential,,,Chapel Road,way,,,7,,
234952700,primary,2,40 mph,Park Boulevard,way,,,20,,
234952701,primary,2,40 mph,Park Boulevard,way,,,16,,
271919369,tertiary,2,,Plaza de Panama,way,,,11,,
436402119,primary,2,40 mph,Park Boulevard,way,,,14,,
436402122,primary,3,40 mph,Park Boulevard,way,,,10,,
436402124,primary,3,40 mph,Park Boulevard,way,,,11,,
436402128,primary,4,40 mph,Park Boulevard,way,,,17,,
436402129,primary,3,40 mph,Park Boulevard,way,,,11,,
436458646,primary,3,40 mph,Park Boulevard,way,,,13,,
436458653,primary,3,40 mph,Park Boulevard,way,,,13,,
436458655,primary,1,40 mph,Park Boulevard,way,,,11,,
594045137,primary,2,40 mph,Park Boulevard,way,,,13,,
594045141,residential,,,Inspiration Point Way,way,,,3,,
594045144,primary,2,40 mph,Park Boulevard,way,,,13,,
596314792,primary,2,40 mph,Park Boulevard,way,,,13,,
596314793,primary,2,40 mph,Park Boulevard,way,,,12,,
596314794,primary,3,40 mph,Park Boulevard,way,,,10,,
617495089,tertiary,2,,Presidents Way,way,,,4,,
617495449,primary,1,40 mph,Park Boulevard,way,,,11,,
701236892,tertiary,2,,Presidents Way,way,,,7,,
701236896,tertiary,,,Plaza de Panama,way,,,3,,
701236897,tertiary,,,Plaza de Panama,way,,,3,,
773889283,residential,,,Wieber Avenue,way,,,1,,
773889284,primary,2,40 mph,Park Boulevard,way,,,8,,
773889285,residential,,,Wieber Avenue,way,,,1,,
845773323,tertiary,2,,El Prado,way,,,4,,
936855327,tertiary,,,El Prado,way,,,2,,
1096508559,tertiary,2,,Plaza de Panama,way,,,2,,
1241849778,tertiary,3,,Presidents Way,way,,,2,,
1346803897,residential,3,,Presidents Way,way,,,2,,
118675565,tertiary,3,,Bob Wilson Drive,way,,,10,,
118675567,tertiary,2,,Bob Wilson Drive,way,,,12,,
1033822334,secondary,4,50 mph,Florida Drive,way,,,5,,
1091340234,secondary,4,50 mph,Florida Drive,way,,,4,,
1300558667,tertiary,4,,Bob Wilson Drive,way,,,3,,
1334252227,secondary,4,50 mph,Florida Drive,way,,,3,,
1334252228,secondary,3,50 mph,Florida Drive,way,,,3,,
1334252229,secondary,4,50 mph,Florida Drive,way,,,3,,
1334252230,secondary,4,50 mph,Florida Drive,way,,,3,,
1334252231,tertiary,4,,Bob Wilson Drive,way,,,4,,
5976591,tertiary,2,,28th Street,way,,,14,,
6013094,tertiary,,,Golf Course Drive,way,,,10,,
594051727,tertiary,,35 mph,26th Street,way,,,2,,
1339256378,residential,2,25 mph,A Street,way,,,1,,
5959338,tertiary,,,30th Street,way,,,10,,
5983626,residential,,,Ash Street,way,,,11,,
5986409,residential,,,Grove Street,way,,,8,,
6047533,secondary,,25 mph,Fern Street,way,,,12,,
151281019,residential,,,Beech Street,way,,,2,,
151281022,residential,,,Beech Street,way,,,2,,
260210617,residential,,,31st Street,way,,,3,,
1026228406,tertiary,2,,30th Street,way,,,10,,
1339224122,secondary,,25 mph,Fern Street,way,,,2,,
1339224281,tertiary,,,Ash Street,way,,,3,,
1339224325,tertiary,,,Ash Street,way,,,5,,
1339224336,residential,2,25 mph,A Street,way,,,2,,
1375211568,residential,2,,Dale Street,way,,,2,,
5942168,residential,,,Juniper Street,way,,,11,,
5955413,residential,2,25 mph,A Street,way,,,12,,
5959336,secondary,2,35 mph,30th Street,way,,,20,,
5962133,residential,,,Beech Street,way,,,8,,
5963051,residential,,,San Marcos Avenue,way,,,6,,
5968114,residential,2,25 mph,Kalmia Street,way,,,8,,
5981090,residential,,,Grape Street,way,,,14,,
5987810,residential,2,,29th Street,way,,,10,,
5996005,residential,2,25 mph,Cedar Street,way,,,11,,
5997748,residential,,,Kalmia Place,way,,,6,,
6014129,residential,,,Capitan Avenue,way,,,5,,
6016198,residential,,,Date Street,way,,,6,,
6017299,residential,,,Pamo Avenue,way,,,5,,
6023797,residential,,,Elm Street,way,,,7,,
6027600,residential,,,Ivy Street,way,,,12,,
6042206,residential,,,Laurel Street,way,,,6,,
6042239,residential,,,Laurel Street,way,,,6,,
6047268,residential,,,Dulzura Avenue,way,,,4,,
6052016,residential,,,31st Street,way,,,7,,
6054698,residential,2,,Dale Street,way,,,12,,
6056346,residential,2,,Granada Avenue,way,,,7,,
32405835,residential,,,Fir Street,way,,,5,,
32405836,residential,,,Elm Street,way,,,9,,
32562668,residential,,,Edgemont Street,way,,,8,,
34539861,residential,,,Hawthorn Street,way,,,7,,
151281041,secondary,2,25 mph,Fern Street,way,,,9,,
151281055,tertiary,2,,Juniper Street,way,,,14,,
151281134,tertiary,,,30th Street,way,,,6,,
641037728,residential,,,Grape Street,way,,,2,,
1339224280,tertiary,,,Ash Street,way,,,5,,
1339224335,residential,2,25 mph,A Street,way,,,3,,
1367437196,secondary,2,,Pershing Drive,way,,,2,,
32405834,residential,,,Hawthorn Street,way,,,4,,
5987800,residential,,,29th Street,way,,,8,,
5987802,residential,,,29th Street,way,,,5,,
6021736,residential,,,Fir Street,way,,,5,,
6042226,residential,,,Laurel Street,way,,,5,,
6047531,secondary,2,25 mph,Fern Street,way,,,13,,
6052020,residential,2,25 mph,31st Street,way,,,13,,
32405827,residential,,,Laurel Street,way,,,5,,
151281049,tertiary,2,,Juniper Street,way,,,7,,
641037727,secondary,,,Grape Street,way,,,3,,
1242731102,secondary,2,30 mph,30th Street,way,,,2,,
1245710244,tertiary,2,,Juniper Street,way,,,4,,
5957472,secondary,2,,32nd Street,way,,,17,,
5960981,residential,,,Bancroft Street,way,,,8,,
5969992,residential,,,34th Street,way,,,9,,
5994176,residential,,,33rd Street,way,,,13,,
6046683,residential,,,Island Avenue,way,,,8,,
105281169,primary,2,35 mph,Market Street,way,,,12,,
105281207,residential,,,Island Avenue,way,,,6,,
116425342,primary,,35 mph,Market Street,way,,,9,,
116425346,primary,3,35 mph,Market Street,way,,,14,,
116425350,primary,,35 mph,Market Street,way,,,10,,
116425355,primary,2,35 mph,Market Street,way,,,12,,
436301322,primary,,35 mph,Market Street,way,,,10,,
436307986,primary,5,35 mph,Market Street,way,,,6,,
436307987,primary,3,35 mph,Market Street,way,,,10,,
436307988,primary,5,35 mph,Market Street,way,,,6,,
436307990,primary,5,35 mph,Market Street,way,,,7,,
436307996,primary,5,35 mph,Market Street,way,,,8,,
436307999,primary,2,35 mph,Market Street,way,,,10,,
436308002,primary,,35 mph,Market Street,way,,,8,,
634177083,primary,3,35 mph,Market Street,way,,,8,,
992979936,residential,,,33rd Street,way,,,2,,
1027271357,primary,,35 mph,Market Street,way,,,7,,
1089524065,primary,,35 mph,Market Street,way,,,3,,
1339221300,residential,,,33rd Street,way,,,3,,
1443844507,primary,,35 mph,Market Street,way,,,2,,
6046682,residential,,,Island Avenue,way,,,5,,
25289003,primary,2,35 mph,Market Street,way,,,18,,
25289010,primary,,35 mph,Market Street,way,,,22,,
105761209,secondary,2,,36th Street,way,,,12,,
436301306,primary,3,35 mph,Market Street,way,,,10,,
436301315,primary,3,35 mph,Market Street,way,,,9,,
436301318,primary,2,35 mph,Market Street,way,,,10,,
436453520,primary,2,35 mph,Market Street,way,,,11,,
436453521,primary,3,35 mph,Market Street,way,,,10,,
593683080,secondary,2,,36th Street,way,,,4,,
593683083,primary,2,,Market Street,way,,,9,,
634174981,primary,2,35 mph,Market Street,way,,,8,,
634174983,primary,,35 mph,Market Street,way,,,6,,
5969980,residential,,,34th Street,way,,,9,,
5994186,residential,,,33rd Street,way,,,11,,
5994193,residential,2,,33rd Street,way,,,7,,
6023414,residential,,,Pickwick Street,way,,,7,,
6050205,residential,,,Delevan Drive,way,,,5,,
105281197,primary,2,35 mph,Market Street,way,,,14,,
184985947,secondary,,,32nd Street,way,,,7,,
436301325,primary,2,35 mph,Market Street,way,,,12,,
530486324,residential,,,,way,,,4,,
1339221426,residential,,,E Street,way,,,3,,
5962847,residential,,,Sunrise Street,way,,,10,,
5994177,residential,,,34th Street,way,,,9,,
5996102,residential,,,E Street,way,,,14,,
5996104,residential,,,E Street,way,,,9,,
6022042,residential,,,Edgemont Place,way,,,4,,
6023413,residential,,,Pickwick Street,way,,,5,,
32562674,residential,,,B Street,way,,,4,,
658582399,residential,,,32nd Street,way,,,2,,
658582400,residential,,,32nd Street,way,,,1,,
680925495,residential,,,F Street,way,,,1,,
1339221557,residential,,,F Street,way,,,2,,
5961605,residential,,,Gregory Street,way,,,6,,
5961606,residential,,,Gregory Street,way,,,6,,
5994180,residential,2,,33rd Street,way,,,7,,
6016187,residential,,,Date Street,way,,,8,,
6018749,residential,2,,Felton Street,way,,,7,,
32454272,residential,,,Whaley Avenue,way,,,7,,
32454273,residential,,,Elm Street,way,,,6,,
32562565,residential,2,,Bancroft Street,way,,,7,,
32562566,residential,,,Date Street,way,,,6,,
32562661,residential,,,Gregory Street,way,,,7,,
32562665,residential,,,Gregory Street,way,,,5,,
32562670,residential,2,,Ash Street,way,,,6,,
32562672,residential,,,Beech Street,way,,,5,,
32562673,residential,2,,A Street,way,,,5,,
1242731103,residential,,,Beech Street,way,,,2,,
5956069,residential,,,Vienna Street,way,,,5,,
5959045,residential,,,Bridgeview Drive,way,,,6,,
6021738,residential,,,Fir Street,way,,,5,,
112430840,residential,,,Ash Street,way,,,2,,
1049580184,residential,,,,way,,,2,,
5942172,tertiary,,,32nd Street,way,,,26,,
5955415,residential,,,Petra Drive,way,,,5,,
5960978,residential,,,Bancroft Street,way,,,6,,
5962295,tertiary,2,,Commonwealth Avenue,way,,,8,,
5983625,residential,2,,Ash Street,way,,,15,,
5984114,residential,,,Friedrick Drive,way,,,5,,
6003063,residential,,,Petra Drive,way,,,6,,
6021740,residential,,,Fir Street,way,,,5,,
6045700,residential,,,Montclair Street,way,,,6,,
32401887,residential,,,Felton Street,way,,,6,,
32401895,residential,,,34th Street,way,,,3,,
32401901,residential,2,,Pentuckett Avenue,way,,,8,,
32405198,residential,,,33rd Street,way,,,11,,
32405200,residential,,,Bancroft Street,way,,,7,,
32454274,residential,,,Felton Street,way,,,6,,
104946239,residential,2,,32nd Street,way,,,7,,
1455832361,residential,2,,Boundary Street,way,,,1,,
5957471,residential,,,32nd Street,way,,,10,,
5968115,residential,,,Kalmia Street,way,,,6,,
5986039,residential,2,,Westland Avenue,way,,,6,,
5988334,residential,,,Highview Drive,way,,,6,,
6021730,residential,,,Fir Street,way,,,5,,
6032017,residential,,,Marlton Drive,way,,,6,,
6042228,residential,,,Laurel Street,way,,,5,,
32401087,residential,,,Felton Street,way,,,6,,
32405199,residential,,,Hawthorn Street,way,,,5,,
32405201,residential,,,Ivy Street,way,,,4,,
32405824,residential,,,Gregory Street,way,,,6,,
32405825,residential,,,33rd Street,way,,,4,,
33069314,residential,,,Gregory Street,way,,,6,,
939998496,residential,,,Gregory Street,way,,,2,,
939998497,residential,,,Grape Street,way,,,2,,
939998499,residential,,,Felton Street,way,,,1,,
1457855787,residential,,,32nd Street,way,,,1,,
5959824,residential,,,Hawthorn Street,way,,,4,,
5978677,residential,,,Petra Place,way,,,6,,
5981088,residential,,,Grape Street,way,,,7,,
5993746,residential,,,Jacot Lane,way,,,4,,
6021741,residential,,,Fir Street,way,,,8,,
6027627,residential,,,Ivy Street,way,,,6,,
6042200,residential,,,Laurel Street,way,,,6,,
32606359,residential,,,Ivy Street,way,,,3,,
994550066,residential,,,Fir Street,way,,,1,,
1455832359,residential,2,,Commonwealth Avenue,way,,,1,,
1455832360,residential,2,,Juniper Street,way,,,1,,
5959449,residential,,,North Arroyo Drive,way,,,3,,
5959450,residential,,,North Arroyo Drive,way,,,4,,
5959971,residential,,,West Palm Street,way,,,3,,
5959974,residential,,,West Palm Street,way,,,5,,
5992444,residential,,,North Arroyo Drive,way,,,5,,
5999013,residential,,,State Street,way,,,5,,
6000064,residential,,,West Redwood Street,way,,,4,,
6000074,residential,2,,West Redwood Street,way,,,6,,
6005842,residential,,,West Olive Street,way,,,5,,
6010540,residential,,,Arroyo Drive,way,,,8,,
6013391,residential,,,West Nutmeg Street,way,,,4,,
6018074,residential,2,,Dove Street,way,,,10,,
6018076,residential,,,Dove Street,way,,,5,,
6018079,residential,,,Dove Street,way,,,5,,
6018084,residential,,,Dove Street,way,,,4,,
6020815,residential,,,Eagle Street,way,,,5,,
6046323,residential,,,Barnson Place,way,,,6,,
6049484,residential,,,Albatross Street,way,,,4,,
6056772,residential,,,Brant Street,way,,,4,,
6056775,residential,,,West Quince Street,way,,,7,,
6056783,residential,,,Brant Street,way,,,4,,
35913931,residential,,,Curlew Street,way,,,3,,
159218122,residential,,,Brant Street,way,,,2,,
159218127,residential,,,West Nutmeg Street,way,,,2,,
835067787,residential,,,West Olive Street,way,,,1,,
836837650,residential,,,Brant Street,way,,,1,,
1091329287,secondary,2,,Reynard Way,way,,,3,,
1091329288,secondary,2,,Reynard Way,way,,,3,,
1091329289,secondary,2,,Reynard Way,way,,,5,,
1091329290,secondary,2,,Reynard Way,way,,,4,,
1346640561,secondary,3,,Reynard Way,way,,,2,,
1442836951,secondary,3,,Reynard Way,way,,,2,,
1442836952,secondary,3,,Reynard Way,way,,,2,,
5959746,secondary,2,,Reynard Way,way,,,15,,
5959975,residential,,,West Palm Street,way,,,8,,
5975522,residential,,,West Maple Street,way,,,9,,
6008570,residential,,,Curlew Street,way,,,5,,
6008572,residential,2,,Curlew Street,way,,,10,,
6020796,residential,,,Eagle Street,way,,,4,,
6031685,residential,,,Union Street,way,,,5,,
6053121,residential,,,West Spruce Street,way,,,11,,
31418522,residential,,,West Thorn Street,way,,,4,,
35154143,residential,,,Falcon Street,way,,,5,,
159218118,residential,2,,Brant Street,way,,,3,,
1091329286,secondary,,,Reynard Way,way,,,2,,
1346640565,residential,2,,Dove Street,way,,,1,,
6008574,residential,2,,Curlew Street,way,,,5,,
6049490,residential,2,,Albatross Street,way,,,6,,
31159942,residential,,,West Thorn Street,way,,,6,,
31159947,residential,2,,West Upas Street,way,,,7,,
35154142,residential,,,West Upas Street,way,,,4,,
159218120,residential,2,,Brant Street,way,,,3,,
159218128,residential,2,,West Spruce Street,way,,,3,,
835093678,residential,,,Dove Street,way,,,1,,
1091329285,secondary,,,Reynard Way,way,,,4,,
1230949658,secondary,3,,Reynard Way,way,,,2,,
1444112883,secondary,3,,Reynard Way,way,,,2,,
5958381,residential,2,,Nutmeg Street,way,,,15,,
5958999,residential,,,Palm Street,way,,,13,,
5969274,residential,,,Quince Street,way,,,10,,
6010830,residential,2,,Maple Street,way,,,18,,
6043984,residential,,,Redwood Street,way,,,8,,
6043994,residential,,,Redwood Street,way,,,12,,
6053037,residential,,,Olive Street,way,,,17,,
32263834,residential,,,3rd Avenue,way,,,10,,
158820863,tertiary,2,25 mph,1st Avenue,way,,,7,,
159218125,residential,,,Front Street,way,,,6,,
159218126,tertiary,2,,Quince Street,way,,,16,,
880268077,secondary,,,Laurel Street,way,,,3,,
1053101219,secondary,2,,4th Avenue,way,,,9,,
1164070764,residential,,,Maple Street,way,,,8,,
1164070790,residential,,,Maple Street,way,,,4,,
1230949652,tertiary,2,25 mph,1st Avenue,way,,,5,,
1311410789,residential,,,Maple Street,way,,,5,,
1311410860,residential,2,,Nutmeg Street,way,,,6,,
1311410861,residential,2,,Nutmeg Street,way,,,5,,
1311417119,secondary,1,,Quince Drive,way,,,3,,
1340347747,residential,2,,Third Avenue,way,,,1,,
1340347748,residential,2,,Third Avenue,way,,,1,,
1340347749,residential,2,,Third Avenue,way,,,1,,
1380218224,primary,2,30 mph,6th Avenue,way,,,2,,
1382476173,primary,2,30 mph,6th Avenue,way,,,3,,
1382476174,primary,2,30 mph,6th Avenue,way,,,2,,
1388754763,primary,2,30 mph,6th Avenue,way,,,2,,
1388754764,primary,2,30 mph,6th Avenue,way,,,2,,
842006136,secondary,1,,Quince Drive,way,,,10,,
6024077,residential,,,Front Street,way,,,6,,
25518667,secondary,2,,5th Avenue,way,,,34,,
118413816,tertiary,2,,Richmond Street,way,,,13,,
159218130,residential,,,2nd Avenue,way,,,11,,
272520970,primary,2,30 mph,6th Avenue,way,,,24,,
583733838,residential,2,,Upas Street,way,,,4,,
956524149,residential,,,3rd Avenue,way,,,4,,
1053101218,secondary,2,,4th Avenue,way,,,8,,
1311417148,secondary,1,,Quince Drive,way,,,2,,
1421418867,tertiary,2,25 mph,1st Avenue,way,,,1,,
5956174,residential,,,Spruce Street,way,,,13,,
5960756,tertiary,,,Upas Street,way,,,15,,
5960757,residential,,,Upas Street,way,,,10,,
5961880,residential,,,West Upas Street,way,,,9,,
5973013,residential,,,Thorn Street,way,,,12,,
6053124,residential,,,West Spruce Street,way,,,6,,
6054609,residential,,,West Thorn Street,way,,,5,,
6056825,tertiary,,,Balboa Drive,way,,,25,,
436407056,primary,3,30 mph,6th Avenue,way,,,9,,
436407058,primary,3,,6th Avenue,way,,,7,,
436407059,primary,3,,6th Avenue,way,,,8,,
436407061,primary,2,,6th Avenue,way,,,14,,
436407067,primary,3,,6th Avenue,way,,,7,,
583733837,primary,3,30 mph,6th Avenue,way,,,5,,
1164068001,secondary,2,,5th Avenue,way,,,3,,
1164068084,secondary,2,,4th Avenue,way,,,4,,
1164068145,tertiary,,,Upas Street,way,,,7,,
1218139680,primary,2,30 mph,6th Avenue,way,,,4,,
1382303134,primary,2,30 mph,6th Avenue,way,,,2,,
5982036,residential,,,7th Avenue,way,,,8,,
5987742,residential,,,Old Globe Way,way,,,13,,
31274560,residential,2,,Zoo Place,way,,,19,,
205304358,primary,2,40 mph,Park Boulevard,way,,,13,,
205304359,primary,2,40 mph,Park Boulevard,way,,,15,,
436402126,primary,3,40 mph,Park Boulevard,way,,,10,,
436409304,primary,3,40 mph,Park Boulevard,way,,,11,,
436409306,primary,3,40 mph,Park Boulevard,way,,,11,,
436409309,primary,3,40 mph,Park Boulevard,way,,,7,,
436409312,primary,4,40 mph,Park Boulevard,way,,,11,,
577589979,residential,,,Old Globe Way,way,,,6,,
594022920,residential,2,,Zoo Place,way,,,4,,
621456115,primary,2,40 mph,Park Boulevard,way,,,10,,
621456119,residential,,,Village Place,way,,,1,,
621457300,primary,2,40 mph,Park Boulevard,way,,,11,,
693832885,residential,4,,Village Place,way,,,6,,
709020004,primary,3,40 mph,Park Boulevard,way,,,7,,
710370856,primary,2,40 mph,Park Boulevard,way,,,6,,
724193122,residential,,,Old Globe Way,way,,,2,,
5938934,tertiary,2,,Alabama Street,way,,,11,,
5948814,tertiary,,,Morley Field,way,,,13,,
5960754,tertiary,2,25 mph,Upas Street,way,,,24,,
5966648,tertiary,2,35 mph,Morley Field Drive,way,,,17,,
5974292,residential,,,Mississippi Street,way,,,14,,
6019543,residential,,,Louisiana Street,way,,,15,,
205304086,primary,2,40 mph,Park Boulevard,way,,,18,,
531622781,tertiary,,,Morley Field,way,,,4,,
617494834,primary,2,40 mph,Park Boulevard,way,,,8,,
205304087,primary,2,40 mph,Park Boulevard,way,,,14,,
205304089,primary,2,,Park Boulevard,way,,,16,,
206952617,primary,2,,Park Boulevard,way,,,15,,
436409314,primary,3,,Park Boulevard,way,,,12,,
436409316,primary,3,,Park Boulevard,way,,,14,,
436409317,primary,3,40 mph,Park Boulevard,way,,,11,,
617494829,primary,2,,Park Boulevard,way,,,10,,
617494831,primary,2,40 mph,Park Boulevard,way,,,9,,
1220547495,tertiary,4,35 mph,Morley Field Drive,way,,,4,,
1220547496,tertiary,2,,Morley Field Drive,way,,,3,,
660361178,tertiary,2,,Morley Field Drive,way,,,7,,
660361179,tertiary,2,50 mph,Florida Drive,way,,,8,,
1091340235,secondary,2,50 mph,Florida Drive,way,,,4,,
1217968142,secondary,1,,,way,,,4,,
1217968143,tertiary,,,Florida Drive,way,,,7,,
1217968144,tertiary,1,,Florida Drive,way,,,7,,
1217968145,secondary,1,,Florida Drive,way,,,4,,
1217968146,secondary,,,Florida Drive,way,,,4,,
1217968147,tertiary,1,,Morley Field Drive,way,,,6,,
1217968148,tertiary,1,,Morley Field Drive,way,,,6,,
1217968149,tertiary,1,35 mph,Morley Field Drive,way,,,6,,
1217968150,tertiary,1,35 mph,Morley Field Drive,way,,,5,,
1334251227,secondary,1,,,way,,,2,,
1334251228,secondary,1,,,way,,,2,,
1334251229,secondary,1,,,way,,,1,,
5945080,tertiary,1,,Redwood Street,way,,,14,,
5976590,residential,,,28th Street,way,,,14,,
6010839,residential,,,Maple Street,way,,,6,,
6043976,tertiary,1,,Redwood Street,way,,,15,,
159273326,residential,,,Nutmeg Street,way,,,2,,
992029991,tertiary,1,,Redwood Street,way,,,6,,
1265860323,secondary,2,,Pershing Drive,way,,,7,,
1333651109,secondary,,,Pershing Drive,way,,,3,,
1333651110,secondary,,,,way,,,2,,
1333651111,secondary,2,,Pershing Drive,way,,,3,,
1379282817,secondary,3,,Pershing Drive,way,,,2,,
1388969057,tertiary,,,,way,,,3,,
1388969058,residential,,,28th Street,way,,,3,,
1388969059,tertiary,,,Redwood Street,way,,,3,,
1388969060,tertiary,,,Redwood Street,way,,,3,,
1388969061,residential,,,28th Street,way,,,3,,
1388969062,residential,,,28th Street,way,,,2,,
1388969063,residential,,,28th Street,way,,,3,,
1420010799,tertiary,1,,Redwood Street,way,,,3,,
1420016383,residential,,,28th Street,way,,,1,,
1420016384,residential,,,28th Street,way,,,1,,
1420016385,tertiary,,,Redwood Street,way,,,2,,
1420016386,tertiary,,,Redwood Street,way,,,2,,
1420016390,residential,,,28th Street,way,,,1,,
1420016391,residential,,,28th Street,way,,,1,,
5969270,residential,,,Quince Street,way,,,11,,
5979293,residential,,,Nutmeg Place,way,,,5,,
5987783,residential,2,,29th Street,way,,,7,,
6053022,residential,2,,Olive Street,way,,,8,,
6054699,residential,,,Dale Street,way,,,6,,
32405826,residential,,,Burlingame Drive,way,,,6,,
32405829,residential,,,Quince Street,way,,,5,,
32405831,residential,,,31st Street,way,,,7,,
32453999,residential,,,Maple Court,way,,,5,,
33068841,residential,,,Nutmeg Street,way,,,6,,
931450794,residential,,,Nutmeg Street,way,,,2,,
1008299288,secondary,2,25 mph,30th Street,way,,,6,,
1091082027,secondary,2,25 mph,30th Street,way,,,6,,
1091082028,secondary,2,25 mph,30th Street,way,,,7,,
1242731101,secondary,2,25 mph,30th Street,way,,,2,,
5954968,residential,2,,Arizona Street,way,,,12,,
5955670,tertiary,,,Upas Street,way,,,18,,
5956177,residential,,,Spruce Street,way,,,5,,
5958995,residential,2,25 mph,Palm Street,way,,,9,,
5968821,residential,2,,Pershing Avenue,way,,,9,,
5973019,tertiary,,,Thorn Street,way,,,14,,
5974233,residential,,,Arnold Avenue,way,,,12,,
5985865,residential,2,,Grim Avenue,way,,,14,,
6007471,residential,,,Herman Avenue,way,,,12,,
6010826,residential,,,Maple Street,way,,,5,,
6034183,residential,,,Villa Terrace,way,,,16,,
6052017,residential,,,31st Street,way,,,16,,
6054700,residential,2,,Dale Street,way,,,10,,
6056344,residential,,,Granada Avenue,way,,,9,,
32405832,residential,,,Olive Street,way,,,5,,
32836223,tertiary,,,Redwood Street,way,,,19,,
86574324,residential,,,Nutmeg Street,way,,,7,,
247470803,tertiary,2,25 mph,Texas Street,way,,,10,,
992029989,secondary,2,,Pershing Drive,way,,,8,,
1008299289,tertiary,,,Redwood Street,way,,,4,,
1021878791,secondary,2,25 mph,30th Street,way,,,7,,
1333651108,secondary,,,Pershing Drive,way,,,3,,
1388969056,residential,,,28th Street,way,,,2,,
1420738875,secondary,,,Upas Street,way,,,1,,
1457855786,residential,,,Palm Street,way,,,1,,
5966961,residential,2,,Jacaranda Drive,way,,,11,,
32405897,residential,2,,Jacaranda Place,way,,,14,,
634177472,secondary,2,,Pershing Drive,way,,,10,,
5987806,residential,,,29th Street,way,,,6,,
1077612656,residential,1,,Ray Street,way,,,1,,
1091082029,secondary,3,,Upas Street,way,,,3,,
5959306,residential,,,Teresita Street,way,,,6,,
5961607,residential,,,Gregory Street,way,,,5,,
6010833,residential,,,Maple Street,way,,,6,,
6044310,residential,,,Kew Terrace,way,,,5,,
32401886,residential,,,Maple Street,way,,,4,,
32401890,residential,,,Gregory Street,way,,,2,,
594082293,residential,,,Nutmeg Street,way,,,3,,
594082492,residential,,,Nutmeg Street,way,,,2,,
594082493,residential,,,Nutmeg Street,way,,,2,,
940024429,residential,,,,way,,,1,,
6005976,residential,,,Cooper Street,way,,,6,,
6010827,residential,,,Maple Street,way,,,9,,
6025605,residential,,,Bowditch Place,way,,,6,,
32406008,residential,,,Quince Street,way,,,6,,
33068844,residential,,,Nile Street,way,,,7,,
104946135,residential,,,Nile Street,way,,,3,,
606680389,residential,,,Nile Street,way,,,1,,
5961608,residential,2,,Gregory Street,way,,,8,,
5969277,residential,,,Quince Street,way,,,6,,
5979564,residential,,,Covington Road,way,,,6,,
5989430,tertiary,,,Mc Kinley Street,way,,,8,,
5994189,residential,2,,33rd Street,way,,,12,,
5994519,residential,,,Little Flower Street,way,,,5,,
6005975,residential,,,Cooper Street,way,,,5,,
6018756,residential,2,,Felton Street,way,,,12,,
6053038,residential,,,Olive Street,way,,,5,,
32401889,residential,,,Bancroft Street,way,,,7,,
32401893,residential,,,Nutmeg Street,way,,,6,,
32405830,tertiary,,,Palm Street,way,,,12,,
32406009,residential,,,Redwood Street,way,,,7,,
32551263,residential,,,Vancouver Avenue,way,,,8,,
606680387,residential,,,Nile Street,way,,,5,,
898168737,residential,,,Thorn Street,way,,,3,,
1420097206,tertiary,2,,Boundary Street,way,,,2,,
5994188,residential,2,,33rd Street,way,,,10,,
6018759,residential,2,,Felton Street,way,,,8,,
118498824,tertiary,2,,Boundary Street,way,,,7,,
159276078,residential,1,,Upas Street,way,,,2,,
898168739,tertiary,,,Thorn Street,way,,,2,,
898168740,tertiary,,,Thorn Street,way,,,2,,
1271586918,tertiary,,,Thorn Street,way,,,2,,
1346012276,tertiary,,,Upas Street,way,,,1,,
1346012277,tertiary,,,Upas Street,way,,,1,,
1346012278,residential,2,,33rd Street,way,,,1,,
1423657457,tertiary,,,32nd Street,way,,,1,,
1423657458,residential,2,,Bancroft Street,way,,,1,,
